2012-05-21,36.530000,36.660000,33.000000,34.030000,168309831,0
2012-05-22,32.610000,33.590000,30.940000,31.000000,102053826,0
2012-05-23,31.370000,32.500000,31.360000,32.000000,73721135,0
2012-05-24,32.950000,33.210000,31.770000,33.030000,50275879,0
2012-05-25,32.900000,32.950000,31.110000,31.910000,37189630,0
2012-05-29,31.480000,31.690000,28.650000,28.840000,78061399,0
2012-05-30,28.700000,29.550000,27.860000,28.190000,57267867,0
2012-05-31,28.550000,29.670000,26.830000,29.600000,111639200,0
2012-06-01,28.890000,29.150000,27.390000,27.720000,41858490,0
2012-06-04,27.200000,27.650000,26.440000,26.900000,35230290,0
2012-06-05,26.700000,27.760000,25.750000,25.870000,42473262,0
2012-06-06,26.070000,27.170000,25.520000,26.810000,61487019,0
2012-06-07,27.000000,27.350000,26.150000,26.310000,26167757,0
2012-06-08,26.550000,27.760000,26.440000,27.100000,38033420,0
2012-06-11,27.180000,28.070000,26.840000,27.010000,28225887,0
2012-06-12,27.480000,27.770000,26.960000,27.400000,15822414,0
2012-06-13,27.660000,28.100000,27.100000,27.270000,17118672,0
2012-06-14,27.650000,28.320000,27.380000,28.290000,16854124,0
2012-06-15,28.510000,30.100000,28.350000,30.010000,43563739,0
2012-06-18,29.960000,32.080000,29.410000,31.410000,42978209,0
2012-06-19,31.540000,32.180000,30.700000,31.910000,30848913,0
2012-06-20,31.920000,31.930000,31.150000,31.600000,15558921,0
2012-06-21,31.670000,32.500000,31.510000,31.840000,21875228,0
2012-06-22,32.400000,33.450000,32.060000,33.050000,74835276,0
2012-06-25,32.860000,33.020000,31.550000,32.060000,24352818,0
2012-06-26,32.690000,33.440000,32.500000,33.100000,24858611,0
2012-06-27,32.460000,32.900000,31.900000,32.230000,28599506,0
2012-06-28,31.960000,32.190000,30.900000,31.360000,17713292,0
2012-06-29,31.920000,31.990000,30.760000,31.100000,19526823,0
2012-07-02,31.250000,31.730000,30.550000,30.770000,14131476,0
2012-07-03,30.920000,31.440000,30.800000,31.200000,8643414,0
2012-07-05,31.320000,31.630000,31.020000,31.470000,10036688,0
2012-07-06,31.440000,31.900000,31.260000,31.730000,10949006,0
2012-07-09,32.100000,32.880000,31.990000,32.170000,17785180,0
2012-07-10,32.430000,32.480000,31.160000,31.470000,14276996,0
2012-07-11,31.480000,31.560000,30.550000,30.970000,13027752,0
2012-07-12,30.700000,31.400000,30.600000,30.810000,11306636,0
2012-07-13,31.040000,31.070000,30.560000,30.720000,8117346,0
2012-07-16,30.500000,30.500000,28.210000,28.250000,24672074,0
2012-07-17,28.480000,28.590000,27.150000,28.090000,30438551,0
2012-07-18,28.310000,29.290000,28.150000,29.110000,16841779,0
2012-07-19,29.410000,29.500000,28.630000,29.000000,13685031,0
2012-07-20,29.000000,29.470000,28.720000,28.760000,11869046,0
2012-07-23,28.120000,29.000000,28.010000,28.750000,12393864,0
2012-07-24,28.820000,29.450000,28.100000,28.450000,11539799,0
2012-07-25,28.390000,29.490000,28.080000,29.340000,17230154,0
2012-07-26,27.750000,28.230000,26.730000,26.850000,64597378,0
2012-07-27,23.190000,24.540000,22.280000,23.710000,123098340,0
2012-07-30,24.000000,24.040000,23.030000,23.150000,29285895,0
2012-07-31,23.370000,23.370000,21.610000,21.710000,56179322,0
2012-08-01,21.530000,21.580000,20.840000,20.880000,44604365,0
2012-08-02,20.770000,20.840000,19.820000,20.040000,56374436,0
2012-08-03,20.360000,22.160000,19.900000,21.090000,80646975,0
2012-08-06,21.390000,22.150000,21.300000,21.920000,27778038,0
2012-08-07,22.200000,22.450000,20.500000,20.720000,36782827,0
2012-08-08,20.710000,21.150000,20.220000,20.720000,29537376,0
2012-08-09,20.750000,21.170000,20.610000,21.010000,15618515,0
2012-08-10,21.410000,21.820000,21.130000,21.810000,25794673,0
2012-08-13,22.150000,22.450000,21.400000,21.600000,24972973,0
2012-08-14,21.410000,21.600000,20.250000,20.380000,39308634,0
2012-08-15,20.640000,21.410000,20.400000,21.200000,47860767,0
2012-08-16,20.440000,20.480000,19.690000,19.870000,157554938,0
2012-08-17,20.000000,20.080000,19.000000,19.050000,129293342,0
2012-08-20,19.050000,20.130000,18.750000,20.010000,101186524,0
2012-08-21,19.580000,19.980000,19.090000,19.160000,70640462,0
2012-08-22,19.360000,19.530000,18.960000,19.440000,49892130,0
2012-08-23,19.500000,19.730000,19.360000,19.440000,32813310,0
2012-08-24,19.520000,19.680000,19.250000,19.410000,29622155,0
2012-08-27,19.490000,19.530000,19.100000,19.150000,20703907,0
2012-08-28,19.100000,19.380000,18.950000,19.340000,25425786,0
2012-08-29,19.320000,19.380000,19.070000,19.100000,16124625,0
2012-08-30,19.270000,19.450000,19.060000,19.090000,30647472,0
2012-08-31,18.680000,18.700000,18.030000,18.060000,58764170,0
2012-09-04,18.080000,18.270000,17.550000,17.730000,46622354,0
2012-09-05,18.270000,18.750000,18.180000,18.580000,60781719,0
2012-09-06,18.740000,19.260000,18.720000,18.960000,46066347,0
2012-09-07,19.100000,19.420000,18.780000,18.980000,36371696,0
2012-09-10,19.060000,19.200000,18.550000,18.810000,24797642,0
2012-09-11,18.920000,19.580000,18.850000,19.430000,50508126,0
2012-09-12,20.760000,21.160000,20.280000,20.930000,121583996,0
2012-09-13,20.960000,21.480000,20.610000,20.710000,65041524,0
2012-09-14,21.130000,22.080000,20.900000,22.000000,72819643,0
2012-09-17,22.670000,22.750000,21.500000,21.520000,50666447,0
2012-09-18,21.600000,21.980000,21.370000,21.870000,36760449,0
2012-09-19,21.990000,23.370000,21.770000,23.290000,78782783,0
2012-09-20,23.020000,23.240000,22.540000,22.590000,57248663,0
2012-09-21,22.970000,23.240000,22.600000,22.860000,51218097,0
2012-09-24,21.780000,21.980000,20.360000,20.790000,79105121,0
2012-09-25,21.200000,21.210000,20.220000,20.280000,46291655,0
2012-09-26,20.150000,20.780000,19.800000,20.620000,38271878,0
2012-09-27,20.990000,21.000000,20.160000,20.320000,30215821,0
2012-09-28,20.570000,21.950000,20.500000,21.660000,65485921,0
2012-10-01,22.080000,22.590000,21.730000,21.990000,51262680,0
2012-10-02,22.080000,22.490000,21.820000,22.270000,29341393,0
2012-10-03,22.300000,22.490000,21.800000,21.830000,32000079,0
2012-10-04,22.320000,22.400000,21.410000,21.950000,46894595,0
2012-10-05,21.490000,21.630000,20.880000,20.910000,40529223,0
2012-10-08,20.400000,20.750000,20.160000,20.400000,32236628,0
2012-10-09,20.390000,20.550000,19.970000,20.230000,27161736,0
2012-10-10,19.930000,19.940000,19.450000,19.640000,39321758,0
2012-10-11,19.880000,19.960000,19.610000,19.750000,21817227,0
2012-10-12,19.750000,19.800000,19.480000,19.520000,18809397,0
2012-10-15,19.680000,19.880000,19.490000,19.520000,20189668,0
2012-10-16,19.680000,19.690000,19.300000,19.480000,21834687,0
2012-10-17,19.500000,20.480000,19.370000,19.880000,44074433,0
2012-10-18,19.700000,19.790000,18.890000,18.980000,52157366,0
2012-10-19,19.000000,19.060000,18.800000,19.000000,34834947,0
2012-10-22,19.200000,19.430000,19.050000,19.320000,32447005,0
2012-10-23,19.250000,19.800000,19.100000,19.500000,78381102,0
2012-10-24,24.130000,24.250000,22.850000,23.230000,228949142,0
2012-10-25,23.290000,23.310000,22.470000,22.560000,76141922,0
2012-10-26,22.400000,22.880000,21.880000,21.940000,73259521,0
2012-10-31,20.820000,21.500000,20.730000,21.110000,99378184,0
2012-11-01,21.080000,21.440000,21.010000,21.210000,37713887,0
2012-11-02,21.260000,21.690000,21.070000,21.180000,38344332,0
2012-11-05,21.100000,21.480000,20.920000,21.250000,31806692,0
2012-11-06,21.240000,21.370000,20.990000,21.170000,29062642,0
2012-11-07,20.850000,20.950000,20.370000,20.470000,33396731,0
2012-11-08,20.520000,20.730000,19.980000,19.990000,34254535,0
2012-11-09,19.960000,20.000000,19.130000,19.210000,42295434,0
2012-11-12,19.150000,20.170000,18.870000,20.070000,67349109,0
2012-11-13,19.610000,20.110000,19.560000,19.860000,71775069,0
2012-11-14,20.100000,22.500000,19.930000,22.360000,229750911,0
2012-11-15,22.340000,22.500000,21.650000,22.170000,78857405,0
2012-11-16,22.250000,23.930000,22.180000,23.560000,107182168,0
2012-11-19,23.960000,24.120000,22.820000,22.920000,85021259,0
2012-11-20,22.730000,23.900000,22.700000,23.100000,46655291,0
2012-11-21,23.220000,24.530000,23.050000,24.320000,89862342,0
2012-11-23,24.580000,24.680000,23.880000,24.000000,29353023,0
2012-11-26,24.940000,26.090000,24.810000,25.940000,123862051,0
2012-11-27,26.040000,26.500000,25.460000,26.150000,85760074,0
2012-11-28,25.940000,26.490000,25.750000,26.360000,49205508,0
2012-11-29,26.500000,27.520000,26.160000,27.320000,88759067,0
2012-11-30,27.260000,28.000000,26.760000,28.000000,127049545,0
2012-12-03,28.000000,28.880000,26.980000,27.040000,123525093,0
2012-12-04,27.060000,27.760000,26.680000,27.460000,72912724,0
2012-12-05,27.750000,27.900000,27.260000,27.710000,58974841,0
2012-12-06,27.680000,27.750000,26.820000,26.970000,46001493,0
2012-12-07,27.070000,27.780000,26.840000,27.490000,51751806,0
2012-12-10,27.170000,28.170000,27.100000,27.840000,50608466,0
2012-12-11,28.070000,28.240000,27.660000,27.980000,77099033,0
2012-12-12,28.000000,28.140000,27.370000,27.580000,46704201,0
2012-12-13,27.590000,28.750000,27.430000,28.240000,81051549,0
2012-12-14,28.180000,28.330000,26.760000,26.810000,91631545,0
2012-12-17,26.770000,27.000000,26.320000,26.750000,57742403,0
2012-12-18,26.960000,27.910000,26.900000,27.710000,60512872,0
2012-12-19,27.830000,28.220000,26.950000,27.410000,61390122,0
2012-12-20,27.490000,27.600000,27.130000,27.360000,35574784,0
2012-12-21,26.660000,27.010000,26.120000,26.260000,54555183,0
2012-12-24,26.500000,26.960000,26.200000,26.930000,28102571,0
2012-12-26,27.030000,27.180000,26.380000,26.510000,33175320,0
2012-12-27,26.550000,26.800000,25.520000,26.050000,43481682,0
2012-12-28,25.480000,26.110000,25.150000,25.910000,56574797,0
2012-12-31,26.200000,26.990000,26.110000,26.620000,60374424,0
2013-01-02,27.440000,28.180000,27.420000,28.000000,69844980,0
2013-01-03,27.880000,28.470000,27.590000,27.770000,63140530,0
2013-01-04,28.010000,28.930000,27.830000,28.760000,72715349,0
2013-01-07,28.690000,29.790000,28.650000,29.420000,83781725,0
2013-01-08,29.510000,29.600000,28.860000,29.060000,45870933,0
2013-01-09,29.670000,30.600000,29.490000,30.590000,104787653,0
2013-01-10,30.600000,31.450000,30.280000,31.300000,95316372,0
2013-01-11,31.280000,31.960000,31.100000,31.720000,89597985,0
2013-01-14,32.080000,32.210000,30.620000,30.950000,98886858,0
2013-01-15,30.640000,31.710000,29.880000,30.100000,173242356,0
2013-01-16,30.210000,30.350000,29.530000,29.850000,75332648,0
2013-01-17,30.080000,30.420000,30.030000,30.140000,40256606,0
2013-01-18,30.310000,30.440000,29.270000,29.660000,49631496,0
2013-01-22,29.750000,30.890000,29.740000,30.730000,55243212,0
2013-01-23,31.100000,31.500000,30.800000,30.820000,48899741,0
2013-01-24,31.270000,31.490000,30.810000,31.080000,43845049,0
2013-01-25,31.410000,31.930000,31.130000,31.540000,54363551,0
2013-01-28,31.880000,32.510000,31.810000,32.470000,59681410,0
2013-01-29,32.000000,32.070000,30.710000,30.790000,72976496,0
2013-01-30,30.980000,31.490000,30.880000,31.240000,87682080,0
2013-01-31,29.150000,31.470000,28.740000,30.980000,190743612,0
2013-02-01,31.010000,31.020000,29.630000,29.730000,85856666,0
2013-02-04,29.060000,29.200000,28.010000,28.110000,92362184,0
2013-02-05,28.260000,28.960000,28.040000,28.640000,47948191,0
2013-02-06,28.740000,29.290000,28.660000,29.050000,38375742,0
2013-02-07,29.110000,29.150000,28.270000,28.650000,34540014,0
2013-02-08,28.890000,29.170000,28.510000,28.550000,37708729,0
2013-02-11,28.610000,28.680000,28.040000,28.260000,37361742,0
2013-02-12,27.670000,28.160000,27.100000,27.370000,93495635,0
2013-02-13,27.360000,28.320000,27.310000,27.910000,50163959,0
2013-02-14,28.020000,28.630000,28.010000,28.500000,35618411,0
2013-02-15,28.520000,28.750000,28.090000,28.320000,33109105,0
2013-02-19,28.230000,29.080000,28.120000,28.930000,49411547,0
2013-02-20,28.920000,29.050000,28.330000,28.460000,42098118,0
2013-02-21,28.280000,28.550000,27.150000,27.280000,49647671,0
2013-02-22,27.620000,27.630000,26.820000,27.130000,36350149,0
2013-02-25,27.160000,27.640000,27.150000,27.270000,34651983,0
2013-02-26,27.360000,27.460000,26.700000,27.390000,31611642,0
2013-02-27,27.340000,27.340000,26.630000,26.870000,44319628,0
2013-02-28,26.840000,27.300000,26.340000,27.250000,83027721,0
2013-03-01,27.050000,28.120000,26.810000,27.780000,54064731,0
2013-03-04,27.760000,28.060000,27.440000,27.720000,32400645,0
2013-03-05,27.880000,28.180000,27.210000,27.520000,40622189,0
2013-03-06,28.100000,28.130000,27.350000,27.450000,33532526,0
2013-03-07,27.570000,28.680000,27.470000,28.580000,74540116,0
2013-03-08,28.430000,28.470000,27.730000,27.960000,44198838,0
2013-03-11,28.010000,28.640000,27.830000,28.140000,35642057,0
2013-03-12,28.100000,28.320000,27.600000,27.830000,27569590,0
2013-03-13,27.620000,27.650000,26.920000,27.080000,39619443,0
2013-03-14,27.100000,27.430000,26.830000,27.040000,27646381,0
2013-03-15,27.030000,27.060000,26.560000,26.650000,31597364,0
2013-03-18,26.370000,26.790000,25.780000,26.490000,26653641,0
2013-03-19,26.530000,26.900000,26.210000,26.550000,25254152,0
2013-03-20,26.680000,26.690000,25.780000,25.860000,44006434,0
2013-03-21,25.660000,26.110000,25.560000,25.740000,24336012,0
2013-03-22,25.800000,26.010000,25.630000,25.730000,18456268,0
2013-03-25,25.750000,25.800000,25.080000,25.130000,39198947,0
2013-03-26,25.080000,25.480000,25.030000,25.210000,26957135,0
2013-03-27,25.000000,26.280000,24.720000,26.090000,52297328,0
2013-03-28,26.090000,26.170000,25.520000,25.580000,28585612,0
2013-04-01,25.630000,25.890000,25.280000,25.530000,22249212,0
2013-04-02,25.770000,26.120000,25.300000,25.420000,35153292,0
2013-04-03,25.830000,26.390000,25.700000,26.250000,48195118,0
2013-04-04,26.620000,27.230000,26.110000,27.070000,82016745,0
2013-04-05,26.860000,27.800000,26.610000,27.390000,64566510,0
2013-04-08,27.190000,27.200000,26.630000,26.850000,27255982,0
2013-04-09,26.580000,26.890000,26.420000,26.590000,21311013,0
2013-04-10,27.010000,27.840000,26.900000,27.570000,45949361,0
2013-04-11,27.480000,28.100000,27.250000,28.020000,33368462,0
2013-04-12,28.000000,28.000000,27.240000,27.400000,28697400,0
2013-04-15,27.160000,27.480000,26.360000,26.520000,30275356,0
2013-04-16,26.810000,27.110000,26.400000,26.920000,27396392,0
2013-04-17,26.650000,27.200000,26.390000,26.630000,26440537,0
2013-04-18,26.820000,26.820000,25.150000,25.690000,39058905,0
2013-04-19,25.620000,25.960000,25.330000,25.730000,20380862,0
2013-04-22,25.810000,26.360000,25.700000,25.970000,25687549,0
2013-04-23,26.220000,26.330000,25.770000,25.980000,25191467,0
2013-04-24,25.930000,26.400000,25.800000,26.110000,19729809,0
2013-04-25,26.070000,26.400000,26.000000,26.140000,17149965,0
2013-04-26,26.600000,27.620000,26.600000,26.850000,33017958,0
2013-04-29,27.160000,27.410000,26.860000,26.980000,29201070,0
2013-04-30,27.130000,27.850000,27.010000,27.770000,36245633,0
2013-05-01,27.850000,27.920000,27.310000,27.430000,64567590,0
2013-05-02,28.010000,29.020000,27.980000,28.970000,104256921,0
2013-05-03,29.040000,29.070000,28.150000,28.310000,58506376,0
2013-05-06,28.330000,28.460000,27.480000,27.570000,43939307,0
2013-05-07,27.550000,27.850000,26.850000,26.890000,41259083,0
2013-05-08,26.880000,27.300000,26.650000,27.120000,34654851,0
2013-05-09,27.080000,27.550000,26.850000,27.040000,33457150,0
2013-05-10,27.140000,27.300000,26.570000,26.680000,30847022,0
2013-05-13,26.600000,27.330000,26.530000,26.820000,29068764,0
2013-05-14,26.890000,27.280000,26.820000,27.070000,24930207,0
2013-05-15,26.920000,26.990000,26.400000,26.600000,30299761,0
2013-05-16,26.480000,26.550000,25.900000,26.130000,35506976,0
2013-05-17,26.400000,26.600000,26.200000,26.250000,29462605,0
2013-05-20,26.180000,26.190000,25.690000,25.760000,42402874,0
2013-05-21,25.870000,26.080000,25.590000,25.660000,26261210,0
2013-05-22,25.650000,25.850000,24.920000,25.160000,45314475,0
2013-05-23,24.800000,25.530000,24.770000,25.060000,37697202,0
2013-05-24,24.970000,24.970000,24.080000,24.310000,58727882,0
2013-05-28,24.540000,24.540000,23.920000,24.100000,50079642,0
2013-05-29,23.790000,23.810000,23.260000,23.320000,64237702,0
2013-05-30,24.130000,24.780000,23.930000,24.550000,60733122,0
2013-05-31,24.630000,24.950000,24.270000,24.350000,35924917,0
2013-06-03,24.270000,24.320000,23.710000,23.850000,35733795,0
2013-06-04,23.890000,23.930000,23.320000,23.520000,34808997,0
2013-06-05,23.350000,23.710000,22.790000,22.900000,53819645,0
2013-06-06,22.990000,23.090000,22.670000,22.970000,31260660,0
2013-06-07,23.030000,23.400000,22.860000,23.290000,38699124,0
2013-06-10,24.060000,24.600000,23.990000,24.330000,58392986,0
2013-06-11,24.030000,24.350000,24.000000,24.030000,29885809,0
2013-06-12,24.160000,24.260000,23.580000,23.770000,26445790,0
2013-06-13,23.720000,23.830000,23.270000,23.730000,31189247,0
2013-06-14,23.560000,23.890000,23.260000,23.630000,30677066,0
2013-06-17,23.910000,24.250000,23.750000,24.020000,33664419,0
2013-06-18,24.090000,24.690000,24.080000,24.210000,36709004,0
2013-06-19,24.200000,25.190000,24.100000,24.310000,31790525,0
2013-06-20,24.280000,24.750000,23.650000,23.900000,42765586,0
2013-06-21,24.590000,24.700000,24.050000,24.530000,45833818,0
2013-06-24,23.950000,24.110000,23.380000,23.940000,40625948,0
2013-06-25,24.140000,24.430000,24.040000,24.250000,24719988,0
2013-06-26,24.510000,24.650000,23.990000,24.160000,29890205,0
2013-06-27,24.240000,24.840000,24.210000,24.660000,34694013,0
2013-06-28,24.680000,24.980000,24.420000,24.880000,96778879,0
2013-07-01,24.970000,25.060000,24.620000,24.810000,20582195,0
2013-07-02,24.700000,24.770000,24.300000,24.410000,18394008,0
2013-07-03,24.220000,24.710000,24.150000,24.520000,10274965,0
2013-07-05,24.650000,24.660000,24.200000,24.370000,20229451,0
2013-07-08,24.470000,25.040000,24.420000,24.710000,27073983,0
2013-07-09,25.070000,25.490000,25.030000,25.480000,30387889,0
2013-07-10,25.580000,25.830000,25.470000,25.800000,26721794,0
2013-07-11,25.960000,26.000000,25.450000,25.810000,26777354,0
2013-07-12,25.740000,25.930000,25.550000,25.910000,16537840,0
2013-07-15,25.930000,26.430000,25.650000,26.280000,24233957,0
2013-07-16,26.390000,26.750000,26.010000,26.320000,30817554,0
2013-07-17,26.370000,26.780000,26.300000,26.650000,21518463,0
2013-07-18,26.750000,26.770000,26.120000,26.180000,24806825,0
2013-07-19,25.820000,26.110000,25.600000,25.880000,46544938,0
2013-07-22,25.990000,26.130000,25.720000,26.050000,27526213,0
2013-07-23,26.100000,26.300000,25.970000,26.130000,28221534,0
2013-07-24,26.320000,26.530000,26.050000,26.510000,82635587,0
2013-07-25,33.540000,34.880000,32.750000,34.360000,365935212,0
2013-07-26,33.770000,34.730000,33.560000,34.010000,136028897,0
2013-07-29,34.070000,35.630000,34.010000,35.430000,124884870,0
2013-07-30,35.650000,37.960000,35.320000,37.630000,173582710,0
2013-07-31,37.960000,38.310000,36.330000,36.800000,154828679,0
2013-08-01,37.300000,38.290000,36.920000,37.490000,106066472,0
2013-08-02,37.660000,38.490000,37.500000,38.050000,73058424,0
2013-08-05,38.430000,39.320000,38.250000,39.190000,79994774,0
2013-08-06,39.110000,39.250000,37.940000,38.550000,63950791,0
2013-08-07,38.610000,38.940000,37.700000,38.870000,68854764,0
2013-08-08,39.130000,39.190000,38.430000,38.540000,41300906,0
2013-08-09,38.590000,38.740000,38.010000,38.500000,43620024,0
2013-08-12,38.200000,38.500000,38.100000,38.220000,31160951,0
2013-08-13,38.240000,38.320000,36.770000,37.020000,65379198,0
2013-08-14,36.830000,37.550000,36.620000,36.650000,48423890,0
2013-08-15,36.360000,37.070000,36.020000,36.560000,56521095,0
2013-08-16,36.970000,37.490000,36.900000,37.080000,45840714,0
2013-08-19,37.430000,38.280000,37.140000,37.810000,57609591,0
2013-08-20,38.350000,38.580000,37.690000,38.410000,57995140,0
2013-08-21,38.380000,38.850000,38.150000,38.320000,46116868,0
2013-08-22,38.370000,38.750000,38.340000,38.550000,21931163,0
2013-08-23,39.000000,40.630000,38.930000,40.550000,86442283,0
2013-08-26,40.900000,41.940000,40.620000,41.340000,94162358,0
2013-08-27,40.680000,41.200000,39.420000,39.640000,72695050,0
2013-08-28,39.960000,40.850000,39.880000,40.550000,57918194,0
2013-08-29,40.890000,41.780000,40.800000,41.280000,58303395,0
2013-08-30,42.030000,42.260000,41.060000,41.290000,67735053,0
2013-09-03,41.840000,42.170000,41.510000,41.870000,48774896,0
2013-09-04,42.010000,42.170000,41.440000,41.780000,42581854,0
2013-09-05,41.790000,42.770000,41.770000,42.660000,50035380,0
2013-09-06,43.090000,44.610000,42.400000,43.950000,117535626,0
2013-09-09,44.360000,44.790000,43.700000,44.040000,75794696,0
2013-09-10,44.240000,44.260000,43.230000,43.600000,54540282,0
2013-09-11,43.390000,45.090000,43.110000,45.040000,72328246,0
2013-09-12,45.530000,45.620000,44.650000,44.750000,68072239,0
2013-09-13,45.040000,45.080000,43.930000,44.310000,52765299,0
2013-09-16,44.850000,44.940000,42.430000,42.510000,70807761,0
2013-09-17,42.500000,45.440000,42.430000,45.070000,91934557,0
2013-09-18,44.840000,45.470000,44.400000,45.230000,79316945,0
2013-09-19,45.510000,46.050000,45.230000,45.980000,63972369,0
2013-09-20,46.320000,47.600000,45.740000,47.490000,115508400,0
2013-09-23,47.280000,47.550000,46.290000,47.190000,75319202,0
2013-09-24,48.510000,49.660000,48.160000,48.450000,136716101,0
2013-09-25,49.230000,49.540000,48.460000,49.460000,87879619,0
2013-09-26,50.010000,50.600000,49.500000,50.390000,98220046,0
2013-09-27,50.290000,51.280000,49.860000,51.240000,81410460,0
2013-09-30,50.140000,51.600000,49.800000,50.230000,100095417,0
2013-10-01,49.970000,51.030000,49.450000,50.420000,98113699,0
2013-10-02,50.130000,51.100000,49.950000,50.280000,62834429,0
2013-10-03,50.470000,50.720000,49.060000,49.180000,82045323,0
2013-10-04,49.770000,51.160000,49.570000,51.040000,74446947,0
2013-10-07,50.730000,51.290000,50.400000,50.520000,57203957,0
2013-10-08,50.600000,50.600000,47.080000,47.140000,136081330,0
2013-10-09,47.380000,47.840000,45.260000,46.770000,147296862,0
2013-10-10,47.870000,49.680000,47.830000,49.050000,99773784,0
2013-10-11,49.180000,49.870000,48.790000,49.110000,58428451,0
2013-10-14,48.310000,49.630000,47.910000,49.510000,68780552,0
2013-10-15,49.990000,51.000000,49.180000,49.500000,81166571,0
2013-10-16,50.040000,51.240000,49.900000,51.140000,64678247,0
2013-10-17,51.120000,52.220000,50.950000,52.210000,71521899,0
2013-10-18,54.180000,54.830000,53.600000,54.220000,88260093,0
2013-10-21,54.680000,54.810000,53.510000,53.850000,58235283,0
2013-10-22,54.330000,54.760000,52.200000,52.680000,83203892,0
2013-10-23,51.750000,52.250000,51.130000,51.900000,57207154,0
2013-10-24,52.380000,52.840000,51.590000,52.450000,46775185,0
2013-10-25,53.180000,53.240000,51.880000,51.950000,45085348,0
2013-10-28,51.540000,51.700000,49.610000,50.230000,73472347,0
2013-10-29,50.730000,50.790000,49.250000,49.400000,102143469,0
2013-10-30,50.000000,50.210000,48.750000,49.010000,127072652,0
2013-10-31,47.160000,52.000000,46.500000,50.210000,248809006,0
2013-11-01,50.850000,52.090000,49.720000,49.750000,95032876,0
2013-11-04,49.370000,49.750000,48.020000,48.220000,80371218,0
2013-11-05,47.790000,50.180000,47.510000,50.110000,76835006,0
2013-11-06,50.260000,50.450000,48.710000,49.120000,67889337,0
2013-11-07,49.240000,49.870000,47.300000,47.560000,97127618,0
2013-11-08,47.810000,48.650000,47.250000,47.530000,70731178,0
2013-11-11,47.040000,47.530000,45.730000,46.200000,80909626,0
2013-11-12,46.000000,47.370000,45.830000,46.610000,68195832,0
2013-11-13,46.230000,48.740000,46.060000,48.710000,79245346,0
2013-11-14,48.700000,49.570000,48.030000,48.990000,75117049,0
2013-11-15,49.110000,49.480000,48.710000,49.010000,42452937,0
2013-11-18,48.470000,48.840000,45.800000,45.830000,85909884,0
2013-11-19,46.260000,47.000000,45.720000,46.360000,75602413,0
2013-11-20,46.610000,47.550000,46.310000,46.430000,53932698,0
2013-11-21,46.990000,47.460000,46.690000,46.700000,34886170,0
2013-11-22,47.040000,47.270000,45.960000,46.230000,40545375,0
2013-11-25,46.360000,46.650000,44.040000,44.820000,82565324,0
2013-11-26,44.660000,46.170000,43.550000,45.890000,82016490,0
2013-11-27,45.970000,46.670000,45.530000,46.490000,44993195,0
2013-11-29,46.750000,47.210000,46.500000,47.010000,22726358,0
2013-12-02,46.900000,47.540000,46.260000,47.060000,50773647,0
2013-12-03,46.750000,47.200000,46.290000,46.730000,32085905,0
2013-12-04,46.460000,48.770000,46.260000,48.620000,60890176,0
2013-12-05,48.150000,48.700000,47.870000,48.340000,43855036,0
2013-12-06,48.980000,49.390000,47.710000,47.940000,42937659,0
2013-12-09,48.090000,48.970000,47.740000,48.840000,36055891,0
2013-12-10,48.640000,50.770000,48.540000,50.250000,68478561,0
2013-12-11,50.550000,50.770000,49.010000,49.380000,65776366,0
2013-12-12,51.050000,52.070000,50.660000,51.830000,92723034,0
2013-12-13,51.660000,53.500000,51.340000,53.320000,82640992,0
2013-12-16,53.250000,54.500000,52.910000,53.810000,85118518,0
2013-12-17,54.760000,55.180000,54.240000,54.860000,78751463,0
2013-12-18,54.860000,55.890000,53.750000,55.570000,76003479,0
2013-12-19,54.330000,55.190000,53.950000,55.050000,89825393,0
2013-12-20,54.930000,55.150000,54.230000,55.120000,239823912,0
2013-12-23,55.500000,58.320000,55.450000,57.770000,98296983,0
2013-12-24,58.290000,58.580000,56.910000,57.960000,47006404,0
2013-12-26,58.320000,58.380000,57.370000,57.730000,55101367,0
2013-12-27,57.480000,57.680000,55.250000,55.440000,60465751,0
2013-12-30,54.840000,55.180000,53.430000,53.710000,68307317,0
2013-12-31,54.120000,54.860000,53.910000,54.650000,43152127,0
2014-01-02,54.830000,55.220000,54.190000,54.710000,43257622,0
2014-01-03,55.020000,55.650000,54.530000,54.560000,38287706,0
2014-01-06,54.420000,57.260000,54.050000,57.200000,68974359,0
2014-01-07,57.700000,58.550000,57.220000,57.920000,77329009,0
2014-01-08,57.600000,58.410000,57.230000,58.230000,56800776,0
2014-01-09,58.650000,58.960000,56.650000,57.220000,92349222,0
2014-01-10,57.130000,58.300000,57.060000,57.940000,42529258,0
2014-01-13,57.910000,58.250000,55.380000,55.910000,63106519,0
2014-01-14,56.460000,57.780000,56.100000,57.740000,37590987,0
2014-01-15,57.980000,58.570000,57.270000,57.600000,33730619,0
2014-01-16,57.260000,58.020000,56.830000,57.190000,34599775,0
2014-01-17,57.300000,57.820000,56.070000,56.300000,40883205,0
2014-01-21,56.600000,58.580000,56.500000,58.510000,48734147,0
2014-01-22,58.850000,59.310000,57.100000,57.510000,61495880,0
2014-01-23,56.370000,56.680000,55.690000,56.630000,47996403,0
2014-01-24,56.150000,56.420000,54.400000,54.450000,55545338,0
2014-01-27,54.730000,54.940000,51.850000,53.550000,74142331,0
2014-01-28,54.020000,55.280000,54.000000,55.140000,48364998,0
2014-01-29,54.610000,54.950000,53.190000,53.530000,98089932,0
2014-01-30,62.120000,62.500000,60.460000,61.080000,150438699,0
2014-01-31,60.470000,63.370000,60.170000,62.570000,87930298,0
2014-02-03,63.030000,63.770000,60.700000,61.480000,75105994,0
2014-02-04,62.050000,63.140000,61.820000,62.750000,46064897,0
2014-02-05,62.740000,63.160000,61.270000,62.190000,53032420,0
2014-02-06,61.460000,62.780000,61.460000,62.160000,42153754,0
2014-02-07,62.270000,64.570000,62.220000,64.320000,60835746,0
2014-02-10,64.300000,64.490000,63.470000,63.550000,43736562,0
2014-02-11,63.750000,65.000000,63.350000,64.850000,45746832,0
2014-02-12,64.920000,65.060000,64.050000,64.450000,47409857,0
2014-02-13,64.180000,67.330000,64.050000,67.330000,62013396,0
2014-02-14,67.500000,67.580000,66.720000,67.090000,36786427,0
2014-02-18,66.940000,67.540000,66.070000,67.300000,43862297,0
2014-02-19,67.050000,69.080000,67.000000,68.060000,64258631,0
2014-02-20,67.730000,70.110000,65.730000,69.630000,131043748,0
2014-02-21,69.690000,69.960000,68.450000,68.590000,70991892,0
2014-02-24,68.740000,71.440000,68.540000,70.780000,76951946,0
2014-02-25,70.950000,71.000000,69.450000,69.850000,52189031,0
2014-02-26,70.190000,71.220000,68.850000,69.260000,55400399,0
2014-02-27,69.340000,70.010000,68.870000,68.940000,41695855,0
2014-02-28,69.470000,69.880000,67.380000,68.460000,66900863,0
2014-03-03,66.960000,68.050000,66.510000,67.410000,56900444,0
2014-03-04,68.660000,68.900000,67.620000,68.800000,42164222,0
2014-03-05,69.690000,71.970000,69.620000,71.570000,74649486,0
2014-03-06,71.880000,71.890000,70.250000,70.840000,46126260,0
2014-03-07,71.080000,71.180000,69.470000,69.800000,38985763,0
2014-03-10,70.770000,72.150000,70.510000,72.030000,59949746,0
2014-03-11,72.500000,72.590000,69.960000,70.100000,59615238,0
2014-03-12,69.850000,71.350000,69.000000,70.880000,46400431,0
2014-03-13,71.290000,71.350000,68.150000,68.830000,57091157,0
2014-03-14,68.490000,69.430000,67.460000,67.720000,48226824,0
2014-03-17,68.180000,68.950000,66.620000,68.740000,52196699,0
2014-03-18,68.760000,69.600000,68.300000,69.190000,40827226,0
2014-03-19,69.170000,69.290000,67.460000,68.240000,43980558,0
2014-03-20,68.010000,68.230000,66.820000,66.970000,44438500,0
2014-03-21,67.530000,67.920000,66.180000,67.240000,60041228,0
2014-03-24,67.190000,67.360000,63.360000,64.100000,85695872,0
2014-03-25,64.890000,66.190000,63.780000,64.890000,68785500,0
2014-03-26,64.740000,64.950000,60.370000,60.390000,97689774,0
2014-03-27,60.510000,61.900000,57.980000,60.970000,112649694,0
2014-03-28,61.340000,61.950000,59.340000,60.010000,67051528,0
2014-03-31,60.780000,61.520000,59.870000,60.240000,53011205,0
2014-04-01,60.460000,62.660000,60.240000,62.620000,59291210,0
2014-04-02,63.210000,63.910000,62.210000,62.720000,66276613,0
2014-04-03,62.550000,63.170000,59.130000,59.490000,83859330,0
2014-04-04,59.940000,60.200000,56.320000,56.750000,125465774,0
2014-04-07,55.900000,58.000000,55.440000,56.950000,108487569,0
2014-04-08,57.730000,58.710000,57.170000,58.190000,78835935,0
2014-04-09,59.630000,62.460000,59.190000,62.410000,100215307,0
2014-04-10,63.080000,63.180000,58.680000,59.160000,114987616,0
2014-04-11,57.600000,60.310000,57.310000,58.530000,91451960,0
2014-04-14,60.090000,60.450000,57.780000,58.890000,72324603,0
2014-04-15,59.290000,59.680000,55.880000,59.090000,108622706,0
2014-04-16,59.790000,60.190000,57.740000,59.720000,78773521,0
2014-04-17,59.300000,60.580000,58.720000,58.940000,88040346,0
2014-04-21,59.460000,61.240000,59.150000,61.240000,60363619,0
2014-04-22,62.650000,63.440000,62.220000,63.030000,60631312,0
2014-04-23,63.450000,63.480000,61.260000,61.360000,96564750,0
2014-04-24,63.600000,63.650000,59.770000,60.870000,138769345,0
2014-04-25,59.970000,60.010000,57.570000,57.710000,92501529,0
2014-04-28,58.050000,58.310000,54.660000,56.140000,107757756,0
2014-04-29,56.090000,58.280000,55.840000,58.150000,75557202,0
2014-04-30,57.580000,59.850000,57.160000,59.780000,76093004,0
2014-05-01,60.430000,62.280000,60.210000,61.150000,82428606,0
2014-05-02,61.300000,61.890000,60.180000,60.460000,54189197,0
2014-05-05,59.670000,61.350000,59.180000,61.220000,46057411,0
2014-05-06,60.980000,61.150000,58.490000,58.530000,55900809,0
2014-05-07,58.770000,59.300000,56.260000,57.390000,78587247,0
2014-05-08,57.230000,58.820000,56.500000,56.760000,61251053,0
2014-05-09,56.850000,57.650000,56.380000,57.240000,52583858,0
2014-05-12,57.980000,59.900000,57.980000,59.830000,48575487,0
2014-05-13,59.660000,60.890000,59.510000,59.830000,48525476,0
2014-05-14,59.530000,60.450000,58.950000,59.230000,47428583,0
2014-05-15,59.260000,59.380000,57.520000,57.920000,56813940,0
2014-05-16,58.310000,58.450000,57.310000,58.020000,47933075,0
2014-05-19,57.890000,59.560000,57.570000,59.210000,43033925,0
2014-05-20,59.500000,60.190000,58.180000,58.560000,53931469,0
2014-05-21,58.560000,60.500000,58.250000,60.490000,58991505,0
2014-05-22,60.940000,61.480000,60.400000,60.520000,54200116,0
2014-05-23,60.410000,61.450000,60.150000,61.350000,38293993,0
2014-05-27,61.610000,63.510000,61.570000,63.480000,55681663,0
2014-05-28,63.390000,64.140000,62.620000,63.510000,47795088,0
2014-05-29,63.840000,64.300000,63.510000,63.830000,42699670,0
2014-05-30,63.950000,64.170000,62.560000,63.300000,45283577,0
2014-06-02,63.230000,63.590000,62.050000,63.080000,35995537,0
2014-06-03,62.620000,63.420000,62.320000,62.870000,32216707,0
2014-06-04,62.450000,63.590000,62.070000,63.340000,36513991,0
2014-06-05,63.660000,64.360000,62.820000,63.190000,47352368,0
2014-06-06,63.370000,63.480000,62.150000,62.500000,42442096,0
2014-06-09,62.400000,63.340000,61.790000,62.880000,37617413,0
2014-06-10,63.530000,65.820000,63.500000,65.770000,69338140,0
2014-06-11,65.320000,65.800000,64.900000,65.780000,44241926,0
2014-06-12,65.850000,66.470000,64.060000,64.290000,55729828,0
2014-06-13,64.670000,64.970000,63.830000,64.500000,29418910,0
2014-06-16,64.140000,64.880000,63.750000,64.190000,31045811,0
2014-06-17,64.100000,64.880000,63.930000,64.400000,27714816,0
2014-06-18,64.490000,65.750000,64.050000,65.600000,35570154,0
2014-06-19,65.460000,65.580000,64.210000,64.340000,34245182,0
2014-06-20,64.460000,64.810000,63.350000,64.500000,46466073,0
2014-06-23,64.320000,65.660000,64.220000,65.370000,34560121,0
2014-06-24,65.460000,67.170000,65.270000,65.720000,57334867,0
2014-06-25,65.580000,67.480000,65.570000,67.440000,44308249,0
2014-06-26,68.000000,68.000000,66.900000,67.130000,47713944,0
2014-06-27,67.310000,67.700000,66.840000,67.600000,46460627,0
2014-06-30,67.460000,67.920000,67.130000,67.290000,27201749,0
2014-07-01,67.580000,68.440000,67.390000,68.060000,33243166,0
2014-07-02,68.040000,68.300000,65.790000,66.450000,41895220,0
2014-07-03,66.860000,67.000000,65.760000,66.250000,25028677,0
2014-07-07,66.300000,66.570000,65.120000,65.290000,28745099,0
2014-07-08,65.060000,65.560000,62.210000,62.760000,68926036,0
2014-07-09,63.410000,65.120000,63.150000,64.970000,51431582,0
2014-07-10,63.310000,65.340000,63.050000,64.870000,44421915,0
2014-07-11,65.280000,66.590000,64.790000,66.340000,39212022,0
2014-07-14,67.130000,68.170000,66.900000,67.900000,38536924,0
2014-07-15,67.920000,68.090000,66.260000,67.170000,44292944,0
2014-07-16,67.540000,67.940000,67.070000,67.660000,29593589,0
2014-07-17,67.030000,67.850000,66.040000,66.410000,38188432,0
2014-07-18,66.800000,68.460000,66.160000,68.420000,42455649,0
2014-07-21,68.820000,69.960000,68.500000,69.400000,49539121,0
2014-07-22,69.720000,69.770000,68.610000,69.270000,40397693,0
2014-07-23,69.740000,71.330000,69.610000,71.290000,78434716,0
2014-07-24,75.990000,76.740000,74.510000,74.980000,124167936,0
2014-07-25,74.990000,75.670000,74.660000,75.190000,45917435,0
2014-07-28,75.170000,75.500000,73.850000,74.920000,41725249,0
2014-07-29,74.720000,74.920000,73.420000,73.710000,41324470,0
2014-07-30,74.210000,75.190000,74.130000,74.680000,36853018,0
2014-07-31,74.000000,74.170000,72.440000,72.650000,43991772,0
2014-08-01,72.220000,73.220000,71.550000,72.360000,43535314,0
2014-08-04,72.360000,73.880000,72.360000,73.510000,30776819,0
2014-08-05,73.200000,73.590000,72.180000,72.690000,34986147,0
2014-08-06,72.020000,73.720000,71.790000,72.470000,30985533,0
2014-08-07,73.000000,74.000000,72.700000,73.170000,38140550,0
2014-08-08,73.400000,73.430000,72.560000,73.060000,27202325,0
2014-08-11,73.460000,73.910000,73.060000,73.440000,24591177,0
2014-08-12,73.090000,73.330000,72.220000,72.830000,27418983,0
2014-08-13,73.120000,74.250000,73.050000,73.770000,29265662,0
2014-08-14,73.970000,74.380000,73.690000,74.300000,22207019,0
2014-08-15,74.320000,74.650000,73.000000,73.630000,38909161,0
2014-08-18,74.000000,74.720000,73.960000,74.590000,23973658,0
2014-08-19,74.810000,75.580000,74.770000,75.290000,26678640,0
2014-08-20,74.970000,75.180000,74.620000,74.810000,22916678,0
2014-08-21,74.920000,75.190000,74.410000,74.570000,20101979,0
2014-08-22,74.340000,74.730000,73.570000,74.570000,20897393,0
2014-08-25,74.940000,75.280000,74.790000,75.020000,19734103,0
2014-08-26,75.000000,75.990000,74.730000,75.960000,23992668,0
2014-08-27,75.270000,75.490000,74.460000,74.630000,36323060,0
2014-08-28,74.000000,74.430000,73.730000,73.860000,21946738,0
2014-08-29,74.300000,74.820000,74.010000,74.820000,26241162,0
2014-09-02,75.010000,76.700000,74.820000,76.680000,34979438,0
2014-09-03,77.140000,77.480000,75.600000,75.830000,32389102,0
2014-09-04,75.890000,76.930000,75.530000,75.950000,26676444,0
2014-09-05,76.100000,77.380000,75.600000,77.260000,29475854,0
2014-09-08,77.260000,78.170000,77.010000,77.890000,28183156,0
2014-09-09,77.590000,78.170000,76.200000,76.670000,28881803,0
2014-09-10,76.520000,77.950000,76.510000,77.430000,29908606,0
2014-09-11,77.130000,78.360000,77.050000,77.920000,32247724,0
2014-09-12,78.020000,78.300000,77.100000,77.480000,26744356,0
2014-09-15,77.150000,77.250000,73.430000,74.580000,49679130,0
2014-09-16,73.520000,76.230000,73.070000,76.080000,37742482,0
2014-09-17,75.960000,77.250000,75.570000,76.430000,28693348,0
2014-09-18,76.770000,77.330000,76.520000,77.000000,23030936,0
2014-09-19,77.400000,78.300000,76.440000,77.910000,76671330,0
2014-09-22,77.000000,77.530000,75.950000,76.800000,31961015,0
2014-09-23,76.330000,78.630000,76.040000,78.290000,36814111,0
2014-09-24,78.100000,78.620000,77.510000,78.540000,30679642,0
2014-09-25,78.600000,78.940000,77.130000,77.220000,37532580,0
2014-09-26,77.590000,78.840000,77.330000,78.790000,28872012,0
2014-09-29,78.120000,79.200000,77.910000,79.000000,34030635,0
2014-09-30,79.350000,79.710000,78.600000,79.040000,35899444,0
2014-10-01,78.780000,78.820000,75.900000,76.550000,55090157,0
2014-10-02,76.570000,77.480000,75.640000,77.080000,36487612,0
2014-10-03,77.760000,78.060000,77.260000,77.440000,23340173,0
2014-10-06,77.190000,77.890000,76.850000,77.560000,25729191,0
2014-10-07,77.050000,77.950000,76.240000,76.290000,25317488,0
2014-10-08,76.170000,77.710000,75.100000,77.520000,32975514,0
2014-10-09,77.280000,77.760000,75.850000,75.910000,32487174,0
2014-10-10,75.590000,76.500000,72.760000,72.910000,52146162,0
2014-10-13,73.230000,74.780000,72.520000,72.990000,43937638,0
2014-10-14,74.000000,74.180000,72.050000,73.590000,50299288,0
2014-10-15,71.690000,73.800000,70.320000,73.210000,61528317,0
2014-10-16,70.790000,73.350000,70.580000,72.630000,53529459,0
2014-10-17,74.230000,76.000000,73.750000,75.950000,76341638,0
2014-10-20,75.620000,77.090000,75.380000,76.950000,34701260,0
2014-10-21,77.560000,78.740000,77.150000,78.690000,32252403,0
2014-10-22,78.820000,79.850000,78.010000,78.370000,41862393,0
2014-10-23,79.380000,80.630000,79.010000,80.040000,35055800,0
2014-10-24,80.200000,80.820000,79.320000,80.670000,32247520,0
2014-10-27,80.740000,80.800000,79.760000,80.280000,30168921,0
2014-10-28,80.180000,81.160000,79.570000,80.770000,74211768,0
2014-10-29,75.450000,76.880000,74.780000,75.860000,106119520,0
2014-10-30,75.050000,75.350000,72.900000,74.110000,83269554,0
2014-10-31,74.930000,75.700000,74.450000,74.990000,44544325,0
2014-11-03,75.480000,75.520000,73.700000,73.880000,40727330,0
2014-11-04,74.230000,75.770000,73.650000,75.760000,39326471,0
2014-11-05,76.510000,76.800000,74.420000,74.830000,35912588,0
2014-11-06,74.890000,75.600000,74.310000,75.260000,21383194,0
2014-11-07,75.390000,75.860000,75.020000,75.600000,20774381,0
2014-11-10,75.410000,75.480000,74.610000,75.000000,21575126,0
2014-11-11,74.950000,74.980000,74.030000,74.610000,18735123,0
2014-11-12,74.280000,75.140000,73.540000,74.720000,26536609,0
2014-11-13,74.740000,75.240000,73.640000,74.250000,26448451,0
2014-11-14,74.270000,74.930000,74.040000,74.880000,19476878,0
2014-11-17,74.880000,75.660000,73.880000,74.240000,28701191,0
2014-11-18,74.450000,74.800000,73.900000,74.340000,20696643,0
2014-11-19,74.010000,74.540000,73.110000,73.330000,25441163,0
2014-11-20,72.800000,73.990000,72.510000,73.600000,19154862,0
2014-11-21,74.500000,74.500000,73.500000,73.750000,23060382,0
2014-11-24,73.540000,74.350000,73.350000,74.010000,22103831,0
2014-11-25,74.210000,75.740000,74.130000,75.630000,32250205,0
2014-11-26,75.530000,77.780000,75.510000,77.620000,32721585,0
2014-11-28,77.670000,78.270000,77.230000,77.700000,14910336,0
2014-12-01,77.260000,77.310000,74.800000,75.100000,31789866,0
2014-12-02,75.330000,75.910000,75.040000,75.460000,16773884,0
2014-12-03,75.380000,75.730000,74.400000,74.880000,16689857,0
2014-12-04,74.830000,75.550000,74.660000,75.240000,14390520,0
2014-12-05,75.800000,76.760000,75.360000,76.360000,24306446,0
2014-12-08,76.180000,77.250000,75.400000,76.520000,25733853,0
2014-12-09,75.200000,76.930000,74.780000,76.840000,25358584,0
2014-12-10,76.650000,77.550000,76.070000,76.180000,32210532,0
2014-12-11,76.520000,78.520000,76.480000,77.730000,33492661,0
2014-12-12,77.160000,78.880000,77.020000,77.830000,28091617,0
2014-12-15,78.460000,78.580000,76.560000,76.990000,29396532,0
2014-12-16,76.190000,77.390000,74.590000,74.690000,31554593,0
2014-12-17,75.010000,76.410000,74.900000,76.110000,29203904,0
2014-12-18,76.890000,78.400000,76.510000,78.400000,34222081,0
2014-12-19,78.750000,80.000000,78.330000,79.880000,43334992,0
2014-12-22,80.080000,81.890000,80.000000,81.450000,31395770,0
2014-12-23,82.020000,82.170000,80.400000,80.610000,19865820,0
2014-12-24,81.030000,81.430000,80.750000,80.770000,7837518,0
2014-12-26,81.020000,81.280000,80.510000,80.780000,10647388,0
2014-12-29,80.490000,80.960000,79.710000,80.020000,14134666,0
2014-12-30,79.850000,80.590000,79.100000,79.220000,14370763,0
2014-12-31,79.540000,79.800000,77.860000,78.020000,20040439,0
2015-01-02,78.580000,78.930000,77.700000,78.450000,18177475,0
2015-01-05,77.980000,79.250000,76.860000,77.190000,26452191,0
2015-01-06,77.230000,77.590000,75.370000,76.150000,27399288,0
2015-01-07,76.760000,77.360000,75.820000,76.150000,22045333,0
2015-01-08,76.740000,78.230000,76.080000,78.180000,23960953,0
2015-01-09,78.200000,78.620000,77.200000,77.740000,21157007,0
2015-01-12,77.840000,78.000000,76.210000,76.720000,19190194,0
2015-01-13,77.230000,78.080000,75.850000,76.450000,25179561,0
2015-01-14,76.420000,77.200000,76.030000,76.280000,25918564,0
2015-01-15,76.400000,76.570000,73.540000,74.050000,34133974,0
2015-01-16,74.040000,75.320000,73.840000,75.180000,21791529,0
2015-01-20,75.720000,76.310000,74.820000,76.240000,22821614,0
2015-01-21,76.160000,77.300000,75.850000,76.740000,25096737,0
2015-01-22,77.170000,77.750000,76.680000,77.650000,19519458,0
2015-01-23,77.650000,78.190000,77.040000,77.830000,16746503,0
2015-01-26,77.980000,78.470000,77.290000,77.500000,19260820,0
2015-01-27,76.710000,76.880000,75.630000,75.780000,20109977,0
2015-01-28,76.900000,77.640000,76.000000,76.240000,53306422,0
2015-01-29,76.850000,78.020000,74.210000,78.000000,61293468,0
2015-01-30,78.000000,78.160000,75.750000,75.910000,42649491,0
2015-02-02,76.110000,76.140000,73.750000,74.990000,41955258,0
2015-02-03,75.190000,75.580000,73.860000,75.400000,26957714,0
2015-02-04,75.090000,76.350000,75.010000,75.630000,20277368,0
2015-02-05,75.710000,75.980000,75.210000,75.620000,15062573,0
2015-02-06,75.680000,75.700000,74.250000,74.470000,21210994,0
2015-02-09,74.050000,74.830000,73.450000,74.440000,16194322,0
2015-02-10,74.850000,75.340000,74.500000,75.190000,15811344,0
2015-02-11,75.090000,76.750000,75.030000,76.510000,20877427,0
2015-02-12,76.860000,76.870000,75.890000,76.230000,17234976,0
2015-02-13,76.460000,76.480000,75.500000,75.740000,18621860,0
2015-02-17,75.300000,76.910000,75.080000,75.600000,25254400,0
2015-02-18,75.940000,76.900000,75.450000,76.710000,22426421,0
2015-02-19,76.990000,79.840000,76.950000,79.420000,45851177,0
2015-02-20,79.550000,80.340000,79.200000,79.890000,36931698,0
2015-02-23,79.960000,80.190000,78.380000,78.840000,24139056,0
2015-02-24,78.500000,79.480000,78.100000,78.450000,18897133,0
2015-02-25,78.500000,80.200000,78.500000,79.560000,25593800,0
2015-02-26,79.880000,81.370000,79.720000,80.410000,31111891,0
2015-02-27,80.680000,81.230000,78.620000,78.970000,30739197,0
2015-03-02,79.000000,79.860000,78.520000,79.750000,21662537,0
2015-03-03,79.610000,79.700000,78.520000,79.600000,18634973,0
2015-03-04,79.300000,81.150000,78.850000,80.890000,28126686,0
2015-03-05,81.230000,81.990000,81.050000,81.210000,27825733,0
2015-03-06,80.900000,81.330000,79.830000,80.000000,24488581,0
2015-03-09,79.680000,79.910000,78.630000,79.440000,18925097,0
2015-03-10,78.500000,79.260000,77.550000,77.550000,23067057,0
2015-03-11,77.800000,78.430000,77.260000,77.570000,20215704,0
2015-03-12,78.100000,79.050000,77.910000,78.930000,16093319,0
2015-03-13,78.600000,79.380000,77.680000,78.050000,18557296,0
2015-03-16,77.960000,78.120000,77.360000,78.070000,19305406,0
2015-03-17,78.360000,79.780000,78.340000,79.370000,22169969,0
2015-03-18,79.250000,81.240000,79.170000,80.910000,36912446,0
2015-03-19,81.120000,83.000000,81.000000,82.750000,42099523,0
2015-03-20,83.390000,84.600000,83.070000,83.800000,44466323,0
2015-03-23,83.920000,84.960000,83.300000,84.430000,27357333,0
2015-03-24,84.710000,86.070000,84.520000,85.310000,32576522,0
2015-03-25,85.500000,85.520000,82.920000,82.920000,37436147,0
2015-03-26,82.720000,83.770000,82.140000,83.010000,32794800,0
2015-03-27,83.380000,83.950000,82.880000,83.300000,18372582,0
2015-03-30,83.810000,84.340000,82.410000,83.200000,24527686,0
2015-03-31,82.900000,83.500000,82.210000,82.220000,19734277,0
2015-04-01,82.500000,82.720000,80.870000,81.670000,22058167,0
2015-04-02,82.250000,82.560000,81.440000,81.560000,19664053,0
2015-04-06,80.800000,82.810000,80.800000,82.440000,19062934,0
2015-04-07,82.650000,83.420000,82.220000,82.320000,17467042,0
2015-04-08,82.630000,83.100000,81.840000,82.280000,18966732,0
2015-04-09,82.500000,82.800000,81.710000,82.170000,15927281,0
2015-04-10,82.210000,82.610000,81.910000,82.040000,12529738,0
2015-04-13,81.930000,83.940000,81.920000,83.010000,26883094,0
2015-04-14,83.170000,83.690000,82.440000,83.520000,19634173,0
2015-04-15,83.550000,83.660000,82.270000,82.710000,22390943,0
2015-04-16,82.470000,83.070000,82.150000,82.310000,13769687,0
2015-04-17,81.480000,82.110000,80.370000,80.780000,24214983,0
2015-04-20,81.540000,83.150000,81.240000,83.090000,28796761,0
2015-04-21,84.000000,84.490000,83.540000,83.620000,27171852,0
2015-04-22,84.320000,84.740000,83.650000,84.630000,45547963,0
2015-04-23,84.100000,85.590000,82.410000,82.410000,73728080,0
2015-04-24,82.770000,82.940000,81.480000,81.530000,29660356,0
2015-04-27,81.870000,82.930000,81.630000,81.910000,25446032,0
2015-04-28,81.830000,81.900000,80.230000,80.680000,23775344,0
2015-04-29,80.010000,81.390000,79.520000,80.460000,26430258,0
2015-04-30,80.010000,80.960000,78.320000,78.770000,28999005,0
2015-05-01,79.240000,79.760000,78.110000,78.990000,24136358,0
2015-05-04,79.340000,79.690000,78.630000,78.810000,14691991,0
2015-05-05,78.550000,78.800000,77.220000,77.560000,22311318,0
2015-05-06,77.970000,78.810000,77.050000,78.100000,28663026,0
2015-05-07,78.000000,78.940000,77.560000,78.430000,19749428,0
2015-05-08,79.100000,79.230000,78.030000,78.510000,19943595,0
2015-05-11,78.480000,79.030000,77.930000,78.010000,18874054,0
2015-05-12,77.870000,77.890000,76.790000,77.460000,21285310,0
2015-05-13,77.720000,78.530000,77.650000,78.440000,21512309,0
2015-05-14,78.940000,81.850000,78.670000,81.370000,49437996,0
2015-05-15,81.410000,81.520000,80.180000,80.420000,27069884,0
2015-05-18,80.330000,81.380000,80.230000,80.880000,21613674,0
2015-05-19,81.250000,81.690000,80.550000,80.630000,17955389,0
2015-05-20,80.470000,81.100000,79.460000,80.550000,23056899,0
2015-05-21,80.190000,80.920000,80.080000,80.480000,13402749,0
2015-05-22,80.350000,81.310000,80.250000,80.540000,19567937,0
2015-05-26,80.430000,80.600000,79.080000,79.340000,16321339,0
2015-05-27,79.600000,80.660000,79.430000,80.550000,14160865,0
2015-05-28,80.250000,81.070000,80.000000,80.140000,11982008,0
2015-05-29,79.950000,80.070000,78.880000,79.190000,16134580,0
2015-06-01,79.300000,80.380000,78.660000,80.290000,18119012,0
2015-06-02,79.760000,81.350000,79.560000,80.450000,18923300,0
2015-06-03,81.350000,82.530000,81.250000,82.440000,31774993,0
2015-06-04,82.140000,82.950000,81.510000,82.050000,20863877,0
2015-06-05,81.870000,82.460000,81.510000,82.140000,16143093,0
2015-06-08,81.820000,82.000000,80.130000,80.670000,16915471,0
2015-06-09,80.600000,81.190000,79.320000,80.670000,16497538,0
2015-06-10,80.830000,82.600000,80.810000,82.160000,21531208,0
2015-06-11,82.310000,82.900000,81.360000,81.830000,18656811,0
2015-06-12,81.370000,82.090000,81.200000,81.530000,11417882,0
2015-06-15,80.550000,80.930000,80.070000,80.710000,18805087,0
2015-06-16,80.820000,81.510000,80.450000,81.060000,13693666,0
2015-06-17,81.760000,82.220000,81.340000,81.790000,18350287,0
2015-06-18,81.640000,83.190000,81.570000,82.910000,26782573,0
2015-06-19,82.830000,82.980000,82.120000,82.510000,23353194,0
2015-06-22,83.410000,84.970000,83.310000,84.740000,29383079,0
2015-06-23,84.960000,87.970000,84.760000,87.880000,50667853,0
2015-06-24,87.660000,89.250000,87.450000,88.860000,41370227,0
2015-06-25,89.260000,89.400000,87.840000,87.980000,27301967,0
2015-06-26,88.120000,88.340000,86.830000,88.010000,38214647,0
2015-06-29,86.610000,87.500000,85.730000,85.800000,35957872,0
2015-06-30,86.600000,86.700000,85.570000,85.770000,23233183,0
2015-07-01,86.770000,87.950000,86.490000,86.910000,25260045,0
2015-07-02,87.400000,87.440000,86.340000,87.290000,16908781,0
2015-07-06,86.490000,88.180000,86.390000,87.550000,24635915,0
2015-07-07,87.800000,87.850000,85.230000,87.220000,33059921,0
2015-07-08,86.290000,86.750000,85.450000,85.650000,24399340,0
2015-07-09,86.730000,87.600000,85.650000,85.880000,23307402,0
2015-07-10,87.350000,88.220000,86.770000,87.950000,23245873,0
2015-07-13,88.660000,90.220000,88.420000,90.100000,29976670,0
2015-07-14,90.460000,90.800000,89.650000,89.680000,26627849,0
2015-07-15,90.000000,90.990000,89.420000,89.760000,30886601,0
2015-07-16,90.280000,90.860000,89.770000,90.850000,21804086,0
2015-07-17,92.550000,95.390000,92.540000,94.970000,54001635,0
2015-07-20,95.850000,98.600000,95.360000,97.910000,54860541,0
2015-07-21,98.950000,99.240000,97.140000,98.390000,39453332,0
2015-07-22,96.740000,97.580000,95.920000,97.040000,28299518,0
2015-07-23,96.960000,97.450000,94.810000,95.440000,29418833,0
2015-07-24,97.350000,97.760000,95.880000,96.950000,33444930,0
2015-07-27,96.580000,96.610000,93.830000,94.170000,38585381,0
2015-07-28,94.840000,95.560000,93.310000,95.290000,35235993,0
2015-07-29,96.320000,97.280000,94.740000,96.990000,64648320,0
2015-07-30,94.910000,95.810000,91.800000,95.210000,86211323,0
2015-07-31,94.950000,96.330000,93.950000,94.010000,46509045,0
2015-08-03,93.530000,95.080000,92.800000,94.140000,29343117,0
2015-08-04,93.790000,94.730000,93.330000,94.060000,20136036,0
2015-08-05,95.250000,97.090000,95.180000,96.440000,29813174,0
2015-08-06,97.180000,98.740000,94.420000,95.120000,42271318,0
2015-08-07,95.380000,95.400000,93.610000,94.300000,23199145,0
2015-08-10,95.680000,95.900000,93.630000,94.150000,21624153,0
2015-08-11,93.730000,94.760000,92.900000,93.620000,22491031,0
2015-08-12,92.700000,94.440000,91.190000,94.190000,27120375,0
2015-08-13,94.050000,94.730000,93.350000,93.430000,17451768,0
2015-08-14,93.540000,94.720000,93.210000,94.420000,15929656,0
2015-08-17,94.420000,94.460000,93.390000,93.930000,18313531,0
2015-08-18,94.080000,95.850000,94.040000,95.170000,22278848,0
2015-08-19,94.630000,96.100000,94.160000,95.310000,23251271,0
2015-08-20,93.540000,94.770000,90.460000,90.560000,44598224,0
2015-08-21,87.520000,89.180000,85.610000,86.060000,62778680,0
2015-08-24,75.580000,87.140000,72.000000,82.090000,83710727,0
2015-08-25,86.950000,87.670000,83.000000,83.000000,52021230,0
2015-08-26,85.950000,87.460000,83.260000,87.190000,45124302,0
2015-08-27,89.100000,90.060000,87.190000,89.730000,42431375,0
2015-08-28,89.880000,91.480000,89.790000,91.010000,33215885,0
2015-08-31,90.600000,91.050000,88.890000,89.430000,32850666,0
2015-09-01,86.850000,89.390000,86.500000,87.230000,36097370,0
2015-09-02,88.810000,89.890000,87.630000,89.890000,27190527,0
2015-09-03,89.760000,89.820000,87.730000,88.150000,27048198,0
2015-09-04,87.200000,88.390000,86.700000,88.260000,27328667,0
2015-09-08,89.690000,90.240000,88.830000,89.530000,27012543,0
2015-09-09,90.780000,91.980000,90.170000,90.440000,32551123,0
2015-09-10,90.070000,92.060000,89.630000,91.980000,26437398,0
2015-09-11,91.680000,92.080000,91.130000,92.050000,21185049,0
2015-09-14,92.310000,92.620000,91.600000,92.310000,20127871,0
2015-09-15,92.370000,93.250000,91.790000,92.900000,18859351,0
2015-09-16,92.900000,93.600000,92.630000,93.450000,16321193,0
2015-09-17,93.370000,95.510000,92.900000,94.340000,27841803,0
2015-09-18,93.200000,95.190000,93.050000,94.400000,62299984,0
2015-09-21,94.620000,96.490000,94.520000,95.550000,28789973,0
2015-09-22,93.770000,94.680000,91.920000,92.960000,36888893,0
2015-09-23,93.400000,94.320000,92.800000,93.970000,21701427,0
2015-09-24,93.060000,94.770000,92.240000,94.410000,29105964,0
2015-09-25,95.790000,95.850000,92.060000,92.770000,28961622,0
2015-09-28,92.080000,92.290000,88.180000,89.210000,41199870,0
2015-09-29,89.100000,90.060000,85.720000,86.670000,42281838,0
2015-09-30,88.440000,90.020000,88.010000,89.900000,36169146,0
2015-10-01,90.050000,90.950000,88.360000,90.950000,29283652,0
2015-10-02,88.900000,92.200000,88.370000,92.070000,37881652,0
2015-10-05,92.940000,94.270000,92.660000,94.010000,27292517,0
2015-10-06,94.080000,94.170000,92.340000,92.800000,22488275,0
2015-10-07,93.110000,93.660000,91.370000,92.400000,24129277,0
2015-10-08,91.890000,93.220000,90.470000,92.470000,27290523,0
2015-10-09,92.900000,93.740000,92.240000,93.240000,20012911,0
2015-10-12,93.320000,94.600000,92.670000,94.260000,18449562,0
2015-10-13,93.660000,95.370000,93.550000,94.120000,19480347,0
2015-10-14,94.080000,95.200000,93.610000,94.070000,19253351,0
2015-10-15,94.990000,96.300000,94.900000,95.960000,27557516,0
2015-10-16,96.180000,97.590000,95.350000,97.540000,25412856,0
2015-10-19,97.180000,98.570000,96.920000,98.470000,23729924,0
2015-10-20,98.730000,99.590000,96.560000,97.000000,30881777,0
2015-10-21,97.370000,98.180000,96.470000,97.110000,22003730,0
2015-10-22,97.790000,99.730000,97.550000,99.670000,26392075,0
2015-10-23,101.910000,102.850000,100.160000,102.190000,42809661,0
2015-10-26,102.200000,103.810000,101.550000,103.770000,25961212,0
2015-10-27,102.940000,104.100000,102.400000,103.700000,23795472,0
2015-10-28,103.900000,104.480000,102.920000,104.200000,24081515,0
2015-10-29,103.960000,105.120000,103.520000,104.880000,20316691,0
2015-10-30,104.510000,104.720000,101.650000,101.970000,33487104,0
2015-11-02,102.460000,103.470000,101.180000,103.310000,24003944,0
2015-11-03,103.220000,103.650000,102.400000,102.580000,21242341,0
2015-11-04,103.190000,104.140000,102.480000,103.940000,43469308,0
2015-11-05,108.800000,110.650000,107.950000,108.760000,63232861,0
2015-11-06,108.040000,108.740000,105.910000,107.100000,35084342,0
2015-11-09,107.000000,108.250000,105.860000,106.490000,26383540,0
2015-11-10,105.960000,108.150000,105.240000,107.910000,25031681,0
2015-11-11,108.270000,109.870000,107.110000,109.010000,25057099,0
2015-11-12,108.480000,109.390000,108.000000,108.020000,20924674,0
2015-11-13,107.710000,108.250000,103.830000,103.950000,30278403,0
2015-11-16,103.320000,104.170000,100.470000,104.040000,49309167,0
2015-11-17,104.620000,106.200000,104.140000,105.130000,26807230,0
2015-11-18,105.800000,107.880000,105.390000,107.770000,23836526,0
2015-11-19,107.360000,107.730000,105.950000,106.260000,25520599,0
2015-11-20,106.840000,107.870000,106.620000,107.320000,22129648,0
2015-11-23,107.190000,107.470000,106.080000,106.950000,19897220,0
2015-11-24,106.000000,106.490000,104.390000,105.740000,23577293,0
2015-11-25,106.330000,106.600000,105.100000,105.410000,15150785,0
2015-11-27,105.780000,105.960000,104.860000,105.450000,5913066,0
2015-11-30,105.840000,106.100000,103.750000,104.240000,20383179,0
2015-12-01,104.770000,107.150000,104.500000,107.120000,22781868,0
2015-12-02,107.000000,107.920000,105.790000,106.070000,24429063,0
2015-12-03,106.410000,106.850000,103.350000,104.380000,23236485,0
2015-12-04,104.810000,107.730000,104.110000,106.180000,21224721,0
2015-12-07,106.480000,106.830000,104.660000,105.610000,15474890,0
2015-12-08,104.000000,106.910000,103.950000,106.490000,20401791,0
2015-12-09,106.180000,106.440000,103.550000,104.600000,23517268,0
2015-12-10,105.050000,106.400000,104.410000,105.420000,17454312,0
2015-12-11,104.150000,104.340000,101.910000,102.120000,26427727,0
2015-12-14,102.290000,104.740000,101.460000,104.660000,24813496,0
2015-12-15,105.300000,105.800000,104.280000,104.550000,21764331,0
2015-12-16,105.370000,107.090000,104.190000,106.790000,22680547,0
2015-12-17,107.490000,107.750000,106.130000,106.220000,21675686,0
2015-12-18,106.080000,106.590000,103.970000,104.040000,35994199,0
2015-12-21,104.910000,105.150000,103.600000,104.770000,16138786,0
2015-12-22,105.220000,105.660000,104.810000,105.510000,14597122,0
2015-12-23,105.890000,106.110000,103.860000,104.630000,19599673,0
2015-12-24,104.740000,105.320000,104.500000,105.020000,6512134,0
2015-12-28,105.020000,105.980000,104.530000,105.930000,13069733,0
2015-12-29,106.420000,107.740000,106.250000,107.260000,17179901,0
2015-12-30,107.000000,107.250000,106.060000,106.220000,13115007,0
2015-12-31,106.000000,106.170000,104.620000,104.660000,18391064,0
2016-01-04,101.950000,102.240000,99.750000,102.220000,37912403,0
2016-01-05,102.890000,103.710000,101.670000,102.730000,23258238,0
2016-01-06,101.130000,103.770000,100.900000,102.970000,25096183,0
2016-01-07,100.500000,101.430000,97.300000,97.920000,45172906,0
2016-01-08,99.880000,100.500000,97.030000,97.330000,35402298,0
2016-01-11,97.910000,98.600000,95.390000,97.510000,29932385,0
2016-01-12,99.000000,99.960000,97.550000,99.370000,28395390,0
2016-01-13,100.580000,100.580000,95.210000,95.440000,33410553,0
2016-01-14,95.850000,98.870000,92.450000,98.370000,48658623,0
2016-01-15,93.980000,96.380000,93.540000,94.970000,46132781,0
2016-01-19,96.530000,97.420000,93.920000,95.260000,30998256,0
2016-01-20,92.830000,95.000000,89.370000,94.350000,59051429,0
2016-01-21,94.910000,95.990000,92.620000,94.160000,30518939,0
2016-01-22,96.410000,98.070000,95.490000,97.940000,30495387,0
2016-01-25,98.720000,99.480000,96.930000,97.010000,32482015,0
2016-01-26,97.760000,97.880000,95.660000,97.340000,26877080,0
2016-01-27,97.790000,97.850000,94.230000,94.450000,58699359,0
2016-01-28,107.330000,110.340000,104.810000,109.110000,107475327,0
2016-01-29,108.990000,112.840000,108.840000,112.210000,62739548,0
2016-02-01,112.270000,115.720000,112.010000,115.090000,46132726,0
2016-02-02,114.800000,117.590000,113.200000,114.610000,59778571,0
2016-02-03,115.270000,115.340000,109.750000,112.690000,56919324,0
2016-02-04,111.800000,111.940000,109.250000,110.490000,38890199,0
2016-02-05,109.510000,109.580000,103.180000,104.070000,76894741,0
2016-02-08,100.410000,102.680000,97.460000,99.750000,71229746,0
2016-02-09,97.140000,102.400000,96.820000,99.540000,62709018,0
2016-02-10,101.550000,103.250000,100.240000,101.000000,45179370,0
2016-02-11,99.600000,105.110000,98.880000,101.910000,43670634,0
2016-02-12,103.740000,104.240000,101.090000,102.010000,36176760,0
2016-02-16,103.800000,103.930000,100.240000,101.610000,45687224,0
2016-02-17,101.940000,105.720000,100.400000,105.200000,44073369,0
2016-02-18,105.800000,106.000000,103.030000,103.470000,29593508,0
2016-02-19,102.550000,105.020000,102.060000,104.570000,32404516,0
2016-02-22,105.490000,108.250000,105.340000,107.160000,35709714,0
2016-02-23,106.850000,107.470000,105.120000,105.460000,25319315,0
2016-02-24,104.210000,106.950000,102.740000,106.880000,34412437,0
2016-02-25,107.110000,108.070000,105.610000,108.070000,29906278,0
2016-02-26,108.700000,109.450000,107.160000,107.920000,26686193,0
2016-02-29,107.600000,108.910000,106.750000,106.920000,32778992,0
2016-03-01,107.830000,109.820000,107.600000,109.820000,26817309,0
2016-03-02,109.680000,110.550000,108.770000,109.950000,25670170,0
2016-03-03,110.250000,110.300000,108.540000,109.580000,21353092,0
2016-03-04,110.050000,110.050000,107.930000,108.390000,24938858,0
2016-03-07,108.070000,108.070000,104.720000,105.730000,31534055,0
2016-03-08,104.780000,107.370000,104.400000,105.930000,25616963,0
2016-03-09,106.700000,107.510000,105.490000,107.510000,20493305,0
2016-03-10,107.910000,108.660000,105.770000,107.320000,24854284,0
2016-03-11,108.480000,109.420000,107.920000,109.410000,20697553,0
2016-03-14,109.280000,110.330000,108.770000,109.890000,17249365,0
2016-03-15,109.110000,110.830000,108.840000,110.670000,17618460,0
2016-03-16,110.490000,112.500000,110.100000,112.180000,24744778,0
2016-03-17,112.150000,112.690000,110.730000,111.020000,24241247,0
2016-03-18,111.560000,112.420000,110.270000,111.450000,36256877,0
2016-03-21,111.660000,112.370000,111.030000,111.850000,18447974,0
2016-03-22,111.360000,112.880000,111.170000,112.250000,19001076,0
2016-03-23,112.010000,113.190000,112.000000,112.540000,18561974,0
2016-03-24,112.130000,113.090000,111.680000,113.050000,17839119,0
2016-03-28,113.320000,114.590000,112.950000,113.690000,21351751,0
2016-03-29,113.830000,116.320000,113.640000,116.140000,29825340,0
2016-03-30,116.730000,116.990000,114.360000,114.700000,33235184,0
2016-03-31,114.560000,115.010000,113.770000,114.100000,21207526,0
2016-04-01,113.750000,116.170000,113.350000,116.060000,24760504,0
2016-04-04,114.070000,114.550000,111.610000,112.550000,48487913,0
2016-04-05,112.110000,113.320000,111.900000,112.220000,22962365,0
2016-04-06,112.470000,113.810000,112.420000,113.710000,20814640,0
2016-04-07,113.790000,114.890000,113.070000,113.640000,20714537,0
2016-04-08,114.250000,114.330000,109.900000,110.630000,48497808,0
2016-04-11,110.700000,110.910000,108.770000,108.990000,39762304,0
2016-04-12,109.340000,111.160000,108.990000,110.610000,26248081,0
2016-04-13,112.230000,112.650000,106.520000,110.510000,88227393,0
2016-04-14,110.620000,112.040000,110.260000,110.840000,28473322,0
2016-04-15,110.790000,110.970000,109.200000,109.640000,20922803,0
2016-04-18,109.740000,110.810000,109.200000,110.450000,21167199,0
2016-04-19,111.100000,112.450000,109.160000,112.290000,30210455,0
2016-04-20,112.430000,113.270000,111.560000,112.420000,21027901,0
2016-04-21,112.550000,114.040000,112.310000,113.440000,20875230,0
2016-04-22,111.210000,111.750000,109.010000,110.560000,38458201,0
2016-04-25,109.870000,110.670000,109.070000,110.100000,21017895,0
2016-04-26,110.490000,110.500000,108.150000,108.760000,22521534,0
2016-04-27,107.940000,108.940000,106.310000,108.890000,52213107,0
2016-04-28,119.580000,120.790000,116.230000,116.730000,87110080,0
