2013-11-08,45.930000,46.940000,40.690000,41.650000,27925307,0
2013-11-11,40.500000,43.000000,39.400000,42.900000,16113941,0
2013-11-12,43.660000,43.780000,41.830000,41.900000,6316755,0
2013-11-13,41.030000,42.870000,40.760000,42.600000,8688325,0
2013-11-14,42.340000,45.670000,42.240000,44.690000,11099433,0
2013-11-15,45.250000,45.270000,43.430000,43.980000,8010663,0
2013-11-18,43.500000,43.950000,40.850000,41.140000,12810624,0
2013-11-19,41.390000,41.900000,40.000000,41.750000,7436616,0
2013-11-20,41.400000,41.750000,40.510000,41.050000,5767325,0
2013-11-21,41.250000,42.490000,40.370000,42.060000,8324753,0
2013-11-22,41.810000,42.280000,40.970000,41.000000,6185245,0
2013-11-25,41.080000,41.140000,38.800000,39.060000,14333375,0
2013-11-26,39.160000,40.550000,38.920000,40.180000,9828433,0
2013-11-27,40.470000,41.400000,40.350000,40.900000,18330,0
2013-11-29,41.400000,41.580000,40.900000,41.570000,3068865,0
2013-12-02,41.790000,42.000000,40.400000,40.780000,6427386,0
2013-12-03,40.690000,41.600000,40.540000,41.370000,5776893,0
2013-12-04,41.270000,43.920000,41.270000,43.690000,11028953,0
2013-12-05,43.450000,46.350000,42.830000,45.620000,11813520,0
2013-12-06,45.750000,45.800000,44.540000,44.950000,6236232,0
2013-12-09,45.570000,49.840000,45.020000,49.140000,17366614,0
2013-12-10,48.900000,52.580000,48.700000,51.990000,25792002,0
2013-12-11,52.400000,53.870000,51.000000,52.340000,26631535,0
2013-12-12,52.200000,55.870000,50.690000,55.330000,23446870,0
2013-12-13,56.200000,59.410000,55.450000,59.000000,38979567,0
2013-12-16,57.860000,60.240000,55.760000,56.610000,39310848,0
2013-12-17,56.970000,57.380000,54.620000,56.450000,22115199,0
2013-12-18,57.000000,57.000000,54.230000,55.510000,16659776,0
2013-12-19,55.080000,57.750000,55.000000,57.490000,13174896,0
2013-12-20,58.510000,60.250000,58.010000,60.010000,26207420,0
2013-12-23,59.850000,64.990000,59.700000,64.540000,22163787,0
2013-12-24,66.340000,70.870000,65.560000,69.810000,35576052,0
2013-12-26,72.880000,74.730000,69.130000,73.310000,82761072,0
2013-12-27,70.100000,71.250000,63.690000,63.750000,60418668,0
2013-12-30,60.280000,63.710000,58.570000,60.510000,55538253,0
2013-12-31,62.460000,65.220000,61.650000,63.650000,27858516,0
2014-01-02,64.950000,67.500000,64.400000,67.500000,29286655,0
2014-01-03,69.000000,70.430000,68.430000,69.000000,33254610,0
2014-01-06,64.830000,66.870000,63.500000,66.290000,27303649,0
2014-01-07,67.670000,67.730000,61.390000,61.460000,31806111,0
2014-01-08,58.700000,61.260000,57.920000,59.290000,27304350,0
2014-01-09,59.400000,60.810000,55.590000,57.050000,31121971,0
2014-01-10,57.500000,58.760000,55.870000,57.000000,22391578,0
2014-01-13,59.980000,60.380000,57.290000,57.820000,21039027,0
2014-01-14,58.880000,59.020000,57.360000,58.210000,14810026,0
2014-01-15,59.110000,61.750000,58.320000,61.570000,21646397,0
2014-01-16,61.450000,62.400000,60.460000,60.570000,16755251,0
2014-01-17,63.600000,64.690000,61.590000,62.200000,28440701,0
2014-01-21,63.330000,63.440000,61.500000,62.530000,13739691,0
2014-01-22,63.110000,63.800000,61.760000,62.440000,12076892,0
2014-01-23,61.450000,62.810000,60.880000,62.800000,10204702,0
2014-01-24,62.170000,63.620000,61.300000,61.740000,13039731,0
2014-01-27,61.770000,61.770000,56.100000,57.910000,19028084,0
2014-01-28,57.440000,60.850000,57.350000,60.440000,9380780,0
2014-01-29,59.620000,60.950000,58.600000,59.450000,9494690,0
2014-01-30,63.920000,65.240000,62.800000,63.470000,17490124,0
2014-01-31,63.390000,65.370000,62.650000,64.500000,15527717,0
2014-02-03,65.920000,66.480000,64.210000,65.250000,18075264,0
2014-02-04,66.240000,66.370000,64.500000,66.320000,13053271,0
2014-02-05,67.160000,67.240000,64.800000,65.970000,34001488,0
2014-02-06,50.610000,53.900000,49.990000,50.030000,64954379,0
2014-02-07,51.230000,54.920000,50.750000,54.350000,32359106,0
2014-02-10,54.500000,54.590000,52.340000,52.920000,15883618,0
2014-02-11,53.270000,54.400000,53.100000,54.000000,13216301,0
2014-02-12,55.050000,57.000000,54.760000,56.850000,20204449,0
2014-02-13,56.070000,58.980000,55.460000,56.470000,26048458,0
2014-02-14,57.020000,57.860000,56.700000,57.440000,12629957,0
2014-02-18,57.880000,58.640000,56.770000,58.180000,10738508,0
2014-02-19,58.470000,58.950000,54.620000,55.500000,25849571,0
2014-02-20,55.820000,57.080000,54.650000,56.630000,12109533,0
2014-02-21,57.100000,57.200000,55.700000,55.920000,7723834,0
2014-02-24,56.030000,56.490000,55.300000,55.780000,8494379,0
2014-02-25,55.890000,55.950000,54.500000,54.960000,9301175,0
2014-02-26,55.000000,56.990000,54.900000,55.870000,12134445,0
2014-02-27,56.340000,56.690000,55.400000,55.770000,6541385,0
2014-02-28,55.930000,56.000000,54.130000,54.910000,8148204,0
2014-03-03,53.880000,54.400000,52.900000,53.710000,9619007,0
2014-03-04,54.250000,55.280000,54.120000,54.280000,6724023,0
2014-03-05,54.530000,55.030000,53.750000,54.380000,5681226,0
2014-03-06,54.910000,56.090000,54.700000,54.830000,9034361,0
2014-03-07,55.180000,55.200000,53.310000,53.530000,7325092,0
2014-03-10,54.090000,54.590000,53.380000,53.880000,5789363,0
2014-03-11,54.160000,55.840000,53.800000,54.020000,11777991,0
2014-03-12,54.250000,55.300000,53.880000,54.500000,5839493,0
2014-03-13,54.900000,55.450000,53.200000,53.570000,7671506,0
2014-03-14,53.400000,53.910000,51.800000,51.920000,9570412,0
2014-03-17,52.080000,52.490000,51.350000,52.050000,6600907,0
2014-03-18,52.030000,52.210000,50.290000,51.130000,12228931,0
2014-03-19,50.800000,51.980000,50.710000,51.240000,7624177,0
2014-03-20,51.000000,51.660000,49.640000,50.120000,10086189,0
2014-03-21,50.240000,50.920000,49.510000,50.920000,11816347,0
2014-03-24,50.900000,50.940000,47.770000,48.770000,12325696,0
2014-03-25,49.350000,49.700000,47.580000,47.880000,8225616,0
2014-03-26,48.060000,48.300000,44.250000,44.430000,16131643,0
2014-03-27,45.090000,46.400000,43.310000,46.320000,15507597,0
2014-03-28,46.650000,47.340000,45.700000,47.300000,9610491,0
2014-03-31,47.550000,47.750000,46.430000,46.670000,5794497,0
2014-04-01,46.710000,47.590000,46.180000,46.980000,6916147,0
2014-04-02,47.400000,47.440000,45.510000,45.730000,7911260,0
2014-04-03,45.480000,45.610000,43.380000,44.050000,11175769,0
2014-04-04,44.200000,44.870000,42.370000,43.140000,13848715,0
2014-04-07,42.870000,44.600000,42.260000,42.450000,12052991,0
2014-04-08,43.420000,43.420000,41.550000,41.780000,14514458,0
2014-04-09,42.230000,43.060000,41.770000,42.490000,14330716,0
2014-04-10,42.850000,43.250000,40.930000,41.340000,10720909,0
2014-04-11,40.790000,41.100000,39.680000,40.050000,9999669,0
2014-04-14,41.400000,41.950000,40.120000,40.870000,10418475,0
2014-04-15,41.280000,45.550000,40.760000,45.520000,24285070,0
2014-04-16,45.420000,45.560000,43.540000,44.420000,13919567,0
2014-04-17,44.660000,46.550000,43.910000,45.010000,12308119,0
2014-04-21,44.960000,46.300000,44.640000,46.130000,6930984,0
2014-04-22,46.230000,47.090000,45.800000,46.020000,7001423,0
2014-04-23,45.880000,46.170000,44.870000,45.950000,7346070,0
2014-04-24,46.710000,46.790000,43.630000,44.820000,11019701,0
2014-04-25,44.290000,44.440000,41.310000,41.610000,13712435,0
2014-04-28,41.760000,42.350000,39.300000,40.730000,14358891,0
2014-04-29,40.590000,43.970000,40.180000,42.620000,28127685,0
2014-04-30,37.660000,38.980000,37.240000,38.970000,38397930,0
2014-05-01,39.010000,40.770000,38.970000,39.090000,15759771,0
2014-05-02,39.200000,39.860000,38.700000,39.020000,12729508,0
2014-05-05,38.520000,39.600000,38.050000,38.750000,10405247,0
2014-05-06,35.610000,36.100000,31.720000,31.850000,134709976,0
2014-05-07,31.970000,32.000000,29.510000,30.660000,68876278,0
2014-05-08,31.480000,32.980000,31.130000,31.960000,51282789,0
2014-05-09,32.230000,33.110000,31.750000,32.050000,31888811,0
2014-05-12,33.080000,34.100000,32.400000,33.940000,34712746,0
2014-05-13,33.840000,34.060000,32.890000,33.390000,24676758,0
2014-05-14,33.350000,33.830000,32.620000,32.850000,20029415,0
2014-05-15,33.020000,33.290000,32.160000,32.770000,22030524,0
2014-05-16,32.940000,33.210000,32.020000,32.260000,21391370,0
2014-05-19,32.050000,32.440000,31.640000,32.070000,15952792,0
2014-05-20,32.000000,32.390000,31.520000,31.770000,16580525,0
2014-05-21,31.850000,31.950000,31.150000,31.750000,15562626,0
2014-05-22,31.330000,32.250000,30.520000,31.520000,35566214,0
2014-05-23,31.510000,31.680000,30.450000,30.500000,27448011,0
2014-05-27,30.940000,31.200000,30.380000,30.510000,25240098,0
2014-05-28,31.500000,33.840000,31.090000,33.770000,60302764,0
2014-05-29,34.670000,35.140000,33.880000,34.000000,54016285,0
2014-05-30,33.730000,33.860000,32.110000,32.440000,40603942,0
2014-06-02,32.890000,33.200000,31.620000,31.750000,31209765,0
2014-06-03,31.730000,32.690000,31.650000,32.580000,19948755,0
2014-06-04,32.490000,33.320000,31.850000,32.900000,24863032,0
2014-06-05,33.670000,34.890000,33.110000,33.890000,40904898,0
2014-06-06,34.140000,34.410000,33.220000,33.330000,23353197,0
2014-06-09,33.240000,34.550000,33.090000,34.470000,23397248,0
2014-06-10,34.730000,35.500000,34.660000,35.370000,36572189,0
2014-06-11,35.070000,35.970000,34.930000,35.540000,30021271,0
2014-06-12,35.040000,37.270000,35.040000,36.790000,58146088,0
2014-06-13,36.850000,37.250000,35.900000,36.900000,29129856,0
2014-06-16,36.700000,38.170000,36.440000,38.020000,29889320,0
2014-06-17,38.030000,38.550000,37.300000,38.020000,30321533,0
2014-06-18,38.160000,38.830000,37.750000,38.740000,23707470,0
2014-06-19,38.730000,39.300000,38.320000,38.900000,24648320,0
2014-06-20,38.820000,39.240000,37.770000,39.240000,41501084,0
2014-06-23,39.070000,39.580000,38.730000,39.520000,22591330,0
2014-06-24,39.440000,39.640000,38.260000,38.480000,24477866,0
2014-06-25,38.240000,39.590000,38.010000,39.460000,25457189,0
2014-06-26,40.050000,42.000000,39.810000,41.440000,45348482,0
2014-06-27,40.700000,41.150000,40.110000,40.930000,48261139,0
2014-06-30,40.810000,41.340000,40.350000,40.970000,22782975,0
2014-07-01,42.060000,42.950000,41.910000,42.050000,36019345,0
2014-07-02,42.830000,42.830000,41.420000,41.770000,24377465,0
2014-07-03,41.940000,42.000000,40.820000,41.330000,15744131,0
2014-07-07,41.080000,41.450000,40.140000,40.230000,21454528,0
2014-07-08,39.960000,40.040000,36.840000,37.410000,49952021,0
2014-07-09,37.820000,38.350000,37.350000,38.060000,26838322,0
2014-07-10,36.490000,38.100000,36.110000,37.840000,26549714,0
2014-07-11,38.150000,38.790000,38.000000,38.330000,21084782,0
2014-07-14,38.570000,39.380000,38.200000,38.310000,19704978,0
2014-07-15,38.590000,38.990000,37.620000,37.880000,24657590,0
2014-07-16,38.310000,38.520000,37.100000,37.430000,19726498,0
2014-07-17,36.800000,37.170000,36.380000,36.870000,22631521,0
2014-07-18,36.810000,37.080000,35.950000,37.050000,26435471,0
2014-07-21,37.230000,38.290000,36.850000,38.050000,19685415,0
2014-07-22,38.310000,38.600000,37.450000,37.650000,16837757,0
2014-07-23,37.650000,38.190000,37.560000,37.750000,13220692,0
2014-07-24,38.710000,39.000000,37.850000,38.710000,22105562,0
2014-07-25,38.200000,38.800000,38.020000,38.160000,15980826,0
2014-07-28,38.300000,38.440000,37.560000,37.930000,16781679,0
2014-07-29,38.110000,38.920000,37.990000,38.590000,65338012,0
2014-07-30,47.020000,48.000000,45.650000,46.300000,116195894,0
2014-07-31,44.620000,45.840000,44.300000,45.190000,47170214,0
2014-08-01,45.030000,45.540000,43.810000,44.130000,37194768,0
2014-08-04,43.700000,44.530000,43.440000,43.470000,22424950,0
2014-08-05,43.250000,44.480000,43.020000,43.830000,26404094,0
2014-08-06,43.390000,44.040000,42.750000,43.460000,20355349,0
2014-08-07,43.390000,44.370000,42.890000,43.000000,25389111,0
2014-08-08,43.020000,43.360000,42.510000,43.130000,14977725,0
2014-08-11,43.480000,43.600000,42.710000,43.270000,18420323,0
2014-08-12,44.380000,44.720000,43.610000,43.810000,29582276,0
2014-08-13,44.120000,44.340000,43.620000,44.150000,16180836,0
2014-08-14,44.400000,45.340000,44.040000,45.330000,23638935,0
2014-08-15,45.470000,45.500000,44.440000,44.760000,17794698,0
2014-08-18,45.120000,45.330000,44.770000,45.120000,14835442,0
2014-08-19,45.240000,45.450000,45.030000,45.090000,11903442,0
2014-08-20,44.930000,45.210000,44.760000,45.060000,10383233,0
2014-08-21,45.270000,45.350000,44.840000,45.110000,10619316,0
2014-08-22,45.040000,46.140000,44.800000,45.980000,19429784,0
2014-08-25,46.220000,46.360000,45.700000,46.100000,17583487,0
2014-08-26,46.100000,48.200000,46.040000,48.170000,27716184,0
2014-08-27,48.240000,48.460000,47.180000,48.060000,26127632,0
2014-08-28,47.980000,49.880000,47.860000,49.430000,35076316,0
2014-08-29,49.890000,50.350000,49.130000,49.750000,31926942,0
2014-09-02,50.020000,51.340000,49.900000,51.020000,28267227,0
2014-09-03,51.830000,51.850000,49.050000,49.330000,34411151,0
2014-09-04,49.690000,50.860000,49.220000,50.240000,24413060,0
2014-09-05,50.090000,50.880000,49.520000,50.700000,20251354,0
2014-09-08,51.730000,52.680000,51.680000,52.000000,30836421,0
2014-09-09,52.230000,52.400000,50.220000,50.610000,25034416,0
2014-09-10,52.110000,53.330000,51.850000,52.910000,38057661,0
2014-09-11,52.550000,53.640000,52.180000,52.640000,38099375,0
2014-09-12,52.550000,52.820000,52.020000,52.110000,22986464,0
2014-09-15,51.600000,51.930000,47.560000,49.380000,38374126,0
2014-09-16,48.700000,50.910000,48.400000,50.830000,26744763,0
2014-09-17,50.970000,51.600000,50.160000,50.700000,22874400,0
2014-09-18,50.970000,51.880000,50.530000,50.880000,22484799,0
2014-09-19,50.880000,53.000000,50.180000,53.000000,38192577,0
2014-09-22,52.380000,52.900000,51.360000,51.940000,21744393,0
2014-09-23,51.510000,52.560000,51.020000,52.170000,19997954,0
2014-09-24,52.550000,53.340000,52.130000,52.960000,17656100,0
2014-09-25,52.720000,53.230000,51.270000,51.450000,21071508,0
2014-09-26,51.970000,52.610000,51.700000,51.890000,14125293,0
2014-09-29,51.090000,52.180000,50.880000,51.740000,15404256,0
2014-09-30,52.000000,52.190000,51.170000,51.580000,12315738,0
2014-10-01,51.080000,51.290000,49.150000,50.060000,24733453,0
2014-10-02,51.030000,52.100000,50.010000,51.850000,27056496,0
2014-10-03,52.750000,54.730000,52.110000,53.940000,31227155,0
2014-10-06,53.940000,54.450000,53.230000,53.490000,20033423,0
2014-10-07,53.120000,54.990000,53.100000,53.530000,26082251,0
2014-10-08,53.620000,55.670000,52.600000,55.420000,31098532,0
2014-10-09,55.290000,55.990000,54.920000,55.290000,29741359,0
2014-10-10,54.570000,55.660000,50.300000,50.400000,46727275,0
2014-10-13,50.540000,51.910000,48.260000,48.490000,35326778,0
2014-10-14,49.060000,49.530000,47.080000,48.580000,29723607,0
2014-10-15,47.110000,50.520000,46.380000,49.990000,34371495,0
2014-10-16,48.340000,49.820000,47.170000,48.230000,30818799,0
2014-10-17,49.720000,50.250000,48.650000,48.770000,24630575,0
2014-10-20,49.070000,50.890000,48.800000,50.700000,17781053,0
2014-10-21,51.800000,52.150000,50.300000,50.630000,21351031,0
2014-10-22,51.130000,51.840000,49.000000,49.080000,26147867,0
2014-10-23,50.130000,50.400000,49.200000,49.670000,23099811,0
2014-10-24,50.160000,50.190000,49.150000,49.950000,12035228,0
2014-10-27,50.010000,50.240000,47.180000,48.560000,51896310,0
2014-10-28,42.250000,44.580000,41.760000,43.780000,83514039,0
2014-10-29,43.850000,44.160000,41.810000,42.080000,40261918,0
2014-10-30,41.560000,42.480000,39.940000,41.800000,42012595,0
2014-10-31,42.690000,42.850000,41.340000,41.470000,23895091,0
2014-11-03,40.550000,41.200000,40.160000,40.210000,31454276,0
2014-11-04,40.030000,41.100000,39.750000,40.900000,19544339,0
2014-11-05,41.690000,41.800000,40.130000,40.370000,19742219,0
2014-11-06,40.190000,41.350000,40.100000,40.840000,16292122,0
2014-11-07,40.740000,40.740000,39.700000,40.310000,18558908,0
2014-11-10,40.340000,40.690000,39.420000,39.590000,19069311,0
2014-11-11,39.310000,39.840000,38.810000,39.590000,19199463,0
2014-11-12,39.940000,42.940000,39.600000,42.540000,51814076,0
2014-11-13,43.550000,43.950000,39.950000,40.040000,67287397,0
2014-11-14,40.020000,41.850000,39.770000,41.850000,33059767,0
2014-11-17,41.460000,41.680000,40.410000,40.470000,20665239,0
2014-11-18,40.690000,41.170000,39.950000,40.610000,18605048,0
2014-11-19,40.350000,40.470000,39.210000,39.710000,19050142,0
2014-11-20,39.490000,40.550000,39.320000,39.810000,13717120,0
2014-11-21,40.250000,40.280000,39.800000,40.030000,12066551,0
2014-11-24,39.990000,40.470000,39.580000,40.190000,15176007,0
2014-11-25,40.120000,40.300000,39.560000,39.760000,16165082,0
2014-11-26,39.830000,41.560000,39.740000,41.130000,23794731,0
2014-11-28,41.090000,42.080000,40.830000,41.740000,10937076,0
2014-12-01,41.290000,41.290000,39.000000,39.040000,22213988,0
2014-12-02,39.400000,39.400000,38.330000,38.910000,16430289,0
2014-12-03,39.000000,39.420000,38.380000,39.060000,13241278,0
2014-12-04,38.880000,39.660000,38.620000,38.790000,13034027,0
2014-12-05,38.960000,39.070000,38.350000,38.490000,12587725,0
2014-12-08,38.080000,38.120000,35.750000,36.290000,30112791,0
2014-12-09,34.970000,37.090000,34.620000,37.050000,20542824,0
2014-12-10,36.920000,37.780000,36.250000,36.350000,16497652,0
2014-12-11,36.450000,37.230000,36.250000,36.700000,15707079,0
2014-12-12,36.310000,37.710000,36.100000,37.100000,15222465,0
2014-12-15,38.140000,38.380000,36.730000,36.850000,16832975,0
2014-12-16,36.570000,36.710000,35.090000,35.130000,19241183,0
2014-12-17,35.560000,35.900000,34.950000,35.570000,18544835,0
2014-12-18,36.130000,37.270000,35.950000,36.730000,19087488,0
2014-12-19,36.700000,37.450000,36.500000,37.080000,16068717,0
2014-12-22,37.500000,38.820000,37.310000,38.430000,20078978,0
2014-12-23,38.650000,39.250000,37.460000,37.570000,16858037,0
2014-12-24,37.670000,38.350000,37.560000,37.610000,6280027,0
2014-12-26,37.770000,38.100000,37.540000,37.600000,7323988,0
2014-12-29,37.390000,37.510000,36.380000,36.420000,13565360,0
2014-12-30,36.020000,36.240000,35.460000,35.860000,19494563,0
2014-12-31,35.890000,36.490000,35.470000,35.870000,17650083,0
2015-01-02,36.230000,36.740000,35.540000,36.560000,12062461,0
2015-01-05,36.230000,37.110000,35.640000,36.380000,15062744,0
2015-01-06,36.270000,39.450000,36.040000,38.760000,33050812,0
2015-01-07,39.040000,39.100000,37.060000,37.280000,22675663,0
2015-01-08,37.420000,39.190000,37.090000,39.090000,19190436,0
2015-01-09,39.220000,40.340000,38.260000,40.170000,24738362,0
2015-01-12,40.280000,40.950000,39.300000,39.370000,27639025,0
2015-01-13,39.740000,40.350000,39.230000,39.650000,18395519,0
2015-01-14,38.830000,40.180000,38.800000,39.850000,16054746,0
2015-01-15,39.700000,39.700000,36.860000,36.930000,23042008,0
2015-01-16,37.180000,38.130000,36.850000,37.310000,14966077,0
2015-01-20,37.590000,38.140000,36.540000,37.570000,17641670,0
2015-01-21,37.600000,38.270000,37.330000,37.830000,12181324,0
2015-01-22,37.980000,39.250000,37.550000,39.070000,20451716,0
2015-01-23,39.480000,39.970000,38.780000,39.420000,16439238,0
2015-01-26,39.360000,40.130000,39.040000,40.100000,13838215,0
2015-01-27,39.560000,39.610000,38.380000,38.920000,15746411,0
2015-01-28,38.460000,38.780000,37.030000,37.150000,22367616,0
2015-01-29,37.390000,37.570000,36.070000,36.680000,20088464,0
2015-01-30,36.650000,38.150000,36.410000,37.530000,15390172,0
2015-02-02,37.700000,38.070000,36.920000,37.460000,13895869,0
2015-02-03,38.000000,40.190000,37.690000,39.790000,28395371,0
2015-02-04,40.050000,40.830000,39.820000,40.720000,23116779,0
2015-02-05,42.040000,43.790000,40.910000,41.260000,61997292,0
2015-02-06,46.120000,48.500000,45.800000,48.010000,102973023,0
2015-02-09,46.730000,47.690000,46.500000,47.320000,36177946,0
2015-02-10,47.350000,47.390000,45.570000,46.260000,32287813,0
2015-02-11,46.270000,47.780000,46.110000,47.500000,24747029,0
2015-02-12,47.980000,48.450000,46.880000,47.950000,23071572,0
2015-02-13,47.930000,48.820000,47.570000,48.500000,20809627,0
2015-02-17,48.200000,49.090000,47.890000,48.030000,16670155,0
2015-02-18,48.000000,48.790000,47.360000,47.820000,15503060,0
2015-02-19,47.830000,48.940000,47.420000,48.700000,18153446,0
2015-02-20,48.760000,49.880000,48.650000,49.110000,20755575,0
2015-02-23,49.020000,49.240000,48.350000,48.470000,12541405,0
2015-02-24,48.330000,49.300000,48.060000,48.690000,11073664,0
2015-02-25,48.800000,49.180000,48.250000,48.550000,11663183,0
2015-02-26,48.810000,50.010000,48.640000,49.410000,22340876,0
2015-02-27,49.190000,49.900000,47.960000,48.080000,15004478,0
2015-03-02,48.260000,48.300000,47.310000,48.150000,13430911,0
2015-03-03,48.040000,48.800000,47.440000,47.710000,16754427,0
2015-03-04,47.530000,47.850000,46.410000,47.570000,14290082,0
2015-03-05,47.590000,48.430000,47.200000,47.350000,13511889,0
2015-03-06,47.260000,48.070000,46.570000,46.750000,11534904,0
2015-03-09,47.220000,48.080000,47.130000,47.590000,13635901,0
2015-03-10,47.230000,47.260000,45.790000,45.840000,17289874,0
2015-03-11,45.660000,46.740000,45.130000,46.270000,12273750,0
2015-03-12,46.570000,47.320000,46.510000,47.070000,12204772,0
2015-03-13,46.930000,47.720000,46.450000,46.660000,13368059,0
2015-03-16,46.910000,47.070000,46.050000,46.430000,10243160,0
2015-03-17,46.660000,47.290000,46.440000,46.930000,13361311,0
2015-03-18,46.750000,47.390000,46.160000,47.200000,13115352,0
2015-03-19,46.960000,48.150000,46.450000,47.930000,15957089,0
2015-03-20,48.360000,49.150000,48.250000,48.440000,18676496,0
2015-03-23,48.240000,49.250000,47.870000,48.460000,16389818,0
2015-03-24,48.580000,51.790000,48.540000,51.470000,38181773,0
2015-03-25,51.500000,51.870000,49.310000,49.500000,31694649,0
2015-03-26,49.650000,50.900000,49.400000,49.920000,24385783,0
2015-03-27,50.350000,50.890000,49.940000,50.010000,14852364,0
2015-03-30,50.450000,50.710000,48.660000,49.890000,20365393,0
2015-03-31,49.620000,51.240000,49.540000,50.080000,23898381,0
2015-04-01,51.000000,51.690000,50.170000,50.470000,24299197,0
2015-04-02,50.640000,50.950000,49.880000,50.420000,13423909,0
2015-04-06,50.030000,51.160000,49.870000,50.840000,14539680,0
2015-04-07,51.010000,53.280000,50.860000,52.870000,37080755,0
2015-04-08,53.320000,53.490000,51.950000,52.300000,22368922,0
2015-04-09,52.150000,52.990000,51.540000,52.170000,17877667,0
2015-04-10,52.290000,52.450000,51.380000,51.940000,13271155,0
2015-04-13,51.990000,52.290000,51.450000,51.620000,12306515,0
2015-04-14,51.750000,51.810000,50.680000,51.200000,12231640,0
2015-04-15,51.330000,51.870000,50.910000,51.300000,13192067,0
2015-04-16,51.300000,52.340000,51.140000,52.030000,14313301,0
2015-04-17,51.710000,52.160000,50.190000,50.660000,16676896,0
2015-04-20,51.070000,51.480000,50.510000,51.400000,11004476,0
2015-04-21,51.680000,51.850000,51.100000,51.320000,8461283,0
2015-04-22,51.480000,52.090000,51.320000,51.730000,11479493,0
2015-04-23,51.870000,52.200000,51.220000,51.410000,11490400,0
2015-04-24,51.850000,51.960000,50.240000,50.820000,14896860,0
2015-04-27,50.840000,52.540000,50.820000,51.660000,23991902,0
2015-04-28,52.160000,52.220000,38.380000,42.270000,77336612,0
2015-04-29,40.210000,41.090000,38.070000,38.490000,120488557,0
2015-04-30,39.280000,39.740000,38.480000,38.960000,46651477,0
2015-05-01,39.190000,39.240000,37.370000,37.840000,37785543,0
2015-05-04,38.720000,38.960000,37.550000,37.880000,27622537,0
2015-05-05,38.000000,38.610000,37.360000,37.420000,22605023,0
2015-05-06,37.690000,37.780000,36.520000,37.260000,29107858,0
2015-05-07,37.240000,37.880000,36.950000,37.710000,21258764,0
2015-05-08,38.020000,38.200000,37.550000,37.590000,14395832,0
2015-05-11,37.580000,37.860000,37.200000,37.310000,12329491,0
2015-05-12,37.290000,37.800000,37.060000,37.480000,11792938,0
2015-05-13,37.660000,38.200000,37.530000,37.720000,14075331,0
2015-05-14,37.930000,38.090000,37.270000,37.330000,14259607,0
2015-05-15,37.360000,37.800000,37.000000,37.100000,16799060,0
2015-05-18,37.100000,37.570000,36.900000,37.280000,11237346,0
2015-05-19,37.140000,37.880000,36.900000,37.500000,26941996,0
2015-05-20,37.490000,37.940000,36.540000,36.780000,23404469,0
2015-05-21,36.810000,36.940000,36.390000,36.680000,17447682,0
2015-05-22,36.700000,36.980000,36.570000,36.600000,9861815,0
2015-05-26,36.670000,36.830000,36.370000,36.510000,13068502,0
2015-05-27,36.500000,36.650000,36.100000,36.410000,14463568,0
2015-05-28,36.490000,37.330000,36.370000,36.830000,17912105,0
2015-05-29,37.050000,37.070000,36.530000,36.670000,16849058,0
2015-06-01,36.690000,36.830000,36.430000,36.630000,10008279,0
2015-06-02,36.450000,36.600000,36.160000,36.400000,13128349,0
2015-06-03,36.510000,37.170000,36.480000,37.000000,14023524,0
2015-06-04,37.170000,37.790000,36.510000,36.710000,23762920,0
2015-06-05,36.790000,37.230000,36.650000,37.000000,11854282,0
2015-06-08,36.910000,36.980000,36.410000,36.460000,11767083,0
2015-06-09,36.500000,36.500000,35.560000,35.880000,14034468,0
2015-06-10,36.010000,36.170000,35.600000,35.850000,12634817,0
2015-06-11,35.920000,36.170000,35.790000,35.840000,20546962,0
2015-06-12,36.900000,37.250000,35.550000,35.900000,60914449,0
2015-06-15,35.240000,35.260000,34.310000,34.670000,32932110,0
2015-06-16,34.230000,35.200000,33.510000,34.820000,49856071,0
2015-06-17,34.990000,35.120000,34.170000,34.690000,27278532,0
2015-06-18,34.630000,35.040000,34.450000,34.660000,19447110,0
2015-06-19,34.980000,36.280000,34.850000,35.860000,33674913,0
2015-06-22,35.950000,36.000000,35.340000,35.550000,21456373,0
2015-06-23,35.780000,36.200000,34.960000,35.370000,25891418,0
2015-06-24,35.400000,35.750000,35.100000,35.170000,13020956,0
2015-06-25,35.360000,35.360000,34.970000,35.170000,10756756,0
2015-06-26,34.970000,35.330000,34.670000,35.260000,17387971,0
2015-06-29,34.470000,35.090000,34.150000,34.210000,25220715,0
2015-06-30,34.500000,36.420000,34.440000,36.220000,26095592,0
2015-07-01,36.050000,36.110000,35.240000,35.400000,23674620,0
2015-07-02,35.400000,35.970000,35.100000,35.720000,17663959,0
2015-07-06,35.170000,35.690000,35.000000,35.430000,11325391,0
2015-07-07,35.350000,35.720000,34.550000,35.520000,14203167,0
2015-07-08,35.410000,36.050000,34.670000,34.760000,15522331,0
2015-07-09,35.170000,35.430000,34.310000,34.360000,14099347,0
2015-07-10,34.680000,35.120000,34.460000,34.910000,10639720,0
2015-07-13,34.990000,36.140000,34.750000,35.780000,17118202,0
2015-07-14,35.780000,38.820000,35.770000,36.720000,50102513,0
2015-07-15,36.660000,37.090000,35.550000,35.660000,18296837,0
2015-07-16,35.890000,36.450000,35.750000,36.100000,11367681,0
2015-07-17,36.460000,36.660000,35.600000,35.670000,12838454,0
2015-07-20,35.750000,35.990000,35.210000,35.810000,9889748,0
2015-07-21,35.820000,36.750000,35.710000,36.630000,12536207,0
2015-07-22,36.230000,36.370000,35.510000,36.090000,11772251,0
2015-07-23,36.000000,36.730000,35.950000,36.190000,10407769,0
2015-07-24,36.410000,36.410000,35.300000,35.420000,13000824,0
2015-07-27,35.110000,35.150000,33.880000,34.700000,24629131,0
2015-07-28,34.700000,36.670000,34.140000,36.540000,57688647,0
2015-07-29,32.590000,33.240000,31.060000,31.240000,92939850,0
2015-07-30,31.100000,31.830000,31.050000,31.470000,29438817,0
2015-07-31,31.380000,31.620000,30.850000,31.010000,18150252,0
2015-08-03,30.850000,31.090000,28.690000,29.270000,46637134,0
2015-08-04,29.110000,29.900000,28.900000,29.340000,21900293,0
2015-08-05,29.410000,29.500000,28.430000,28.480000,21223283,0
2015-08-06,28.400000,28.430000,27.230000,27.540000,27612162,0
2015-08-07,27.800000,27.900000,26.870000,27.040000,18392551,0
2015-08-10,28.090000,29.630000,27.820000,29.500000,42547095,0
2015-08-11,29.010000,29.890000,28.530000,29.620000,27827588,0
2015-08-12,29.110000,29.500000,28.510000,29.390000,18582876,0
2015-08-13,29.600000,29.600000,28.440000,28.540000,15003972,0
2015-08-14,28.500000,29.270000,28.450000,29.060000,16716347,0
2015-08-17,29.190000,29.340000,28.930000,29.060000,9557303,0
2015-08-18,28.910000,29.000000,28.300000,28.300000,9662803,0
2015-08-19,28.060000,28.090000,27.160000,27.610000,19964006,0
2015-08-20,27.150000,27.480000,25.920000,26.000000,25257844,0
2015-08-21,25.650000,26.740000,25.510000,25.870000,23733170,0
2015-08-24,23.610000,26.230000,21.010000,25.170000,30106378,0
2015-08-25,26.290000,26.330000,24.380000,24.380000,19918702,0
2015-08-26,24.800000,25.290000,23.830000,25.030000,20576564,0
2015-08-27,25.440000,26.800000,25.240000,26.460000,22493044,0
2015-08-28,26.190000,26.930000,26.060000,26.830000,12426237,0
2015-08-31,27.640000,28.490000,27.350000,27.790000,30752013,0
2015-09-01,27.230000,28.120000,26.770000,27.030000,21163542,0
2015-09-02,27.470000,27.830000,26.870000,27.820000,14401990,0
2015-09-03,28.030000,29.000000,27.810000,28.300000,21349227,0
2015-09-04,27.950000,28.550000,27.800000,28.150000,13537888,0
2015-09-08,28.150000,28.200000,27.010000,27.180000,19225523,0
2015-09-09,27.090000,27.850000,26.420000,27.180000,19349852,0
2015-09-10,27.070000,27.830000,26.950000,27.710000,11240339,0
2015-09-11,27.630000,27.650000,27.170000,27.390000,8830114,0
2015-09-14,27.210000,27.550000,26.800000,26.900000,11564018,0
2015-09-15,27.040000,27.550000,27.000000,27.170000,10166742,0
2015-09-16,27.140000,28.000000,27.000000,27.750000,13335392,0
2015-09-17,27.540000,27.930000,27.030000,27.410000,13073231,0
2015-09-18,27.040000,28.250000,26.990000,27.960000,17505272,0
2015-09-21,27.980000,28.090000,27.190000,27.380000,10541992,0
2015-09-22,27.050000,27.480000,26.620000,26.830000,13461346,0
2015-09-23,26.970000,27.280000,26.580000,26.790000,10840010,0
2015-09-24,26.510000,26.640000,25.400000,26.600000,21349365,0
2015-09-25,26.840000,26.910000,25.140000,25.290000,14571966,0
2015-09-28,24.960000,25.610000,24.600000,25.260000,17452832,0
2015-09-29,25.230000,25.760000,24.920000,25.590000,13421641,0
2015-09-30,25.940000,27.330000,25.880000,26.940000,25464985,0
2015-10-01,26.470000,26.840000,24.650000,24.680000,30953542,0
2015-10-02,24.500000,26.480000,24.340000,26.310000,23542260,0
2015-10-05,26.990000,28.250000,26.330000,28.150000,31012912,0
2015-10-06,28.160000,28.400000,26.750000,27.620000,31294489,0
2015-10-07,28.350000,29.950000,28.010000,29.830000,34801029,0
2015-10-08,29.570000,31.500000,29.030000,30.320000,36431756,0
2015-10-09,30.900000,31.410000,30.280000,30.850000,27453628,0
2015-10-12,30.300000,30.770000,28.600000,28.750000,30619463,0
2015-10-13,29.530000,30.680000,28.840000,29.060000,45783154,0
2015-10-14,29.460000,29.820000,28.380000,29.380000,27554364,0
2015-10-15,29.460000,30.280000,29.010000,29.710000,15838856,0
2015-10-16,30.080000,31.400000,29.360000,31.150000,44564027,0
2015-10-19,31.150000,31.600000,30.570000,30.910000,23958109,0
2015-10-20,30.940000,31.390000,30.410000,30.910000,15824434,0
2015-10-21,29.500000,29.660000,28.650000,29.300000,30744722,0
2015-10-22,29.240000,29.800000,28.740000,29.150000,17424012,0
2015-10-23,29.970000,30.720000,29.610000,30.280000,19855746,0
2015-10-26,30.630000,31.220000,30.480000,30.890000,16787022,0
2015-10-27,31.020000,31.870000,30.650000,31.340000,44502942,0
2015-10-28,28.130000,31.340000,27.760000,30.870000,88974860,0
2015-10-29,30.580000,30.700000,28.930000,29.060000,33682799,0
2015-10-30,29.130000,29.570000,28.350000,28.460000,21933119,0
2015-11-02,28.540000,29.290000,28.050000,29.200000,18549712,0
2015-11-03,29.090000,29.630000,29.040000,29.130000,16706010,0
2015-11-04,29.360000,30.150000,29.230000,29.360000,18786980,0
2015-11-05,29.470000,29.550000,28.450000,28.660000,15525302,0
2015-11-06,28.580000,28.700000,28.050000,28.280000,13592093,0
2015-11-09,28.070000,28.210000,26.680000,27.090000,25624268,0
2015-11-10,26.810000,27.170000,26.250000,27.050000,16552143,0
2015-11-11,27.080000,27.140000,26.370000,26.500000,12777186,0
2015-11-12,26.080000,26.610000,25.850000,26.130000,12580151,0
2015-11-13,25.890000,26.160000,25.160000,25.180000,14333836,0
2015-11-16,25.330000,25.780000,25.000000,25.410000,12262803,0
2015-11-17,25.540000,25.690000,24.900000,25.230000,13258960,0
2015-11-18,25.170000,26.090000,25.160000,25.900000,13976018,0
2015-11-19,25.940000,26.580000,25.930000,26.320000,14231871,0
2015-11-20,26.320000,26.700000,26.030000,26.270000,10835292,0
2015-11-23,26.110000,26.270000,25.020000,25.200000,18169946,0
2015-11-24,25.170000,25.550000,25.020000,25.520000,10428490,0
2015-11-25,25.620000,26.410000,25.590000,26.060000,13067044,0
2015-11-27,25.980000,26.070000,25.670000,25.750000,4179967,0
2015-11-30,25.780000,25.820000,25.060000,25.400000,17913585,0
2015-12-01,25.390000,25.580000,25.000000,25.530000,14799314,0
2015-12-02,25.310000,25.720000,25.170000,25.400000,11845551,0
2015-12-03,25.480000,26.060000,24.910000,25.900000,23850709,0
2015-12-04,25.810000,25.850000,25.010000,25.020000,16828165,0
2015-12-07,24.990000,25.160000,24.130000,24.460000,16872129,0
2015-12-08,24.040000,25.100000,23.540000,24.990000,23621785,0
2015-12-09,24.980000,24.980000,24.190000,24.310000,14683738,0
2015-12-10,24.360000,26.250000,24.340000,25.910000,28323889,0
2015-12-11,25.910000,26.200000,24.800000,24.840000,23061261,0
2015-12-14,24.680000,24.940000,23.700000,24.920000,18108398,0
2015-12-15,24.520000,24.690000,23.700000,23.950000,23106575,0
2015-12-16,23.960000,24.480000,23.800000,24.300000,24063311,0
2015-12-17,24.470000,24.750000,23.290000,23.310000,17879207,0
2015-12-18,23.350000,23.440000,22.660000,22.990000,23066199,0
2015-12-21,23.020000,23.040000,21.990000,22.140000,22910612,0
2015-12-22,22.260000,22.670000,22.090000,22.560000,13696232,0
2015-12-23,22.680000,22.950000,22.370000,22.670000,13167600,0
2015-12-24,22.700000,23.060000,22.550000,22.970000,7910740,0
2015-12-28,22.900000,23.320000,22.500000,22.530000,13746540,0
2015-12-29,22.630000,22.820000,22.310000,22.470000,11211058,0
2015-12-30,22.450000,22.940000,22.210000,22.230000,15323698,0
2015-12-31,22.170000,23.280000,22.150000,23.140000,19479440,0
2016-01-04,22.640000,22.840000,22.110000,22.560000,15324961,0
2016-01-05,22.790000,23.000000,21.850000,21.920000,17077655,0
2016-01-06,21.620000,22.180000,21.180000,21.390000,14033627,0
2016-01-07,21.000000,21.480000,20.200000,20.260000,20759757,0
2016-01-08,20.510000,20.720000,19.600000,19.980000,21832259,0
2016-01-11,20.120000,20.200000,19.260000,19.650000,21342126,0
2016-01-12,19.870000,20.410000,19.320000,19.620000,14601306,0
2016-01-13,19.700000,19.760000,18.470000,18.680000,35875957,0
2016-01-14,18.550000,19.160000,17.270000,19.000000,37117119,0
2016-01-15,18.230000,18.530000,17.610000,17.940000,24599968,0
2016-01-19,18.180000,18.180000,16.430000,16.690000,24284722,0
2016-01-20,16.160000,19.040000,15.480000,17.380000,69194905,0
2016-01-21,17.440000,18.320000,16.800000,17.830000,26342092,0
2016-01-22,18.290000,18.560000,17.730000,17.840000,15622782,0
2016-01-25,16.800000,17.450000,16.510000,17.020000,33661112,0
2016-01-26,17.220000,17.280000,16.400000,17.010000,22146336,0
2016-01-27,17.010000,17.620000,16.770000,16.780000,16826735,0
2016-01-28,17.210000,17.340000,16.450000,16.490000,16835133,0
2016-01-29,16.640000,17.070000,16.510000,16.800000,16882494,0
2016-02-01,17.890000,18.770000,17.300000,17.910000,49994431,0
2016-02-02,17.220000,17.270000,16.010000,16.080000,31835134,0
2016-02-03,16.330000,16.740000,15.550000,16.560000,24312637,0
2016-02-04,16.400000,17.170000,16.290000,16.910000,18291812,0
2016-02-05,16.610000,16.640000,15.620000,15.720000,24130465,0
2016-02-08,15.510000,15.550000,14.730000,14.900000,24962692,0
2016-02-09,14.620000,15.550000,14.310000,14.400000,26824669,0
2016-02-10,14.550000,15.280000,14.520000,14.980000,41086093,0
2016-02-11,14.070000,14.790000,13.910000,14.310000,38657691,0
2016-02-12,14.540000,15.940000,14.530000,15.880000,35703906,0
2016-02-16,16.090000,16.400000,15.670000,16.360000,17286086,0
2016-02-17,16.470000,17.600000,16.430000,17.460000,25837499,0
2016-02-18,18.100000,18.550000,17.520000,18.430000,34586262,0
2016-02-19,18.160000,18.880000,17.770000,18.310000,24004210,0
2016-02-22,18.620000,18.670000,17.760000,18.300000,25021574,0
2016-02-23,18.560000,18.960000,18.100000,18.300000,25768340,0
2016-02-24,18.000000,18.090000,17.110000,18.000000,26694169,0
2016-02-25,17.930000,17.950000,17.310000,17.590000,22364216,0
2016-02-26,17.720000,18.030000,17.500000,17.940000,16344074,0
2016-02-29,17.960000,18.570000,17.780000,18.120000,17398698,0
2016-03-01,18.470000,18.480000,17.590000,17.850000,19333777,0
2016-03-02,17.850000,18.740000,17.720000,18.540000,17218562,0
2016-03-03,18.530000,19.440000,18.480000,19.310000,23247383,0
2016-03-04,19.450000,20.320000,19.060000,19.360000,30104965,0
2016-03-07,19.110000,19.730000,18.770000,19.170000,19750217,0
2016-03-08,19.100000,19.150000,18.330000,18.330000,16402786,0
2016-03-09,18.610000,18.740000,17.520000,17.660000,21555641,0
2016-03-10,17.690000,17.770000,16.380000,16.610000,33207611,0
2016-03-11,16.770000,16.940000,16.460000,16.810000,21494624,0
2016-03-14,16.810000,17.320000,16.790000,17.120000,16524531,0
2016-03-15,17.000000,17.040000,16.140000,16.190000,19717491,0
2016-03-16,16.330000,16.770000,16.130000,16.700000,24783644,0
2016-03-17,16.650000,17.150000,16.620000,16.850000,17061909,0
2016-03-18,17.080000,17.380000,16.760000,16.850000,21159329,0
2016-03-21,16.830000,17.050000,16.680000,16.890000,12560240,0
2016-03-22,16.750000,17.010000,16.700000,16.860000,9566068,0
2016-03-23,16.860000,16.910000,16.010000,16.010000,18009160,0
2016-03-24,15.940000,15.990000,15.570000,15.910000,14902129,0
2016-03-28,15.980000,16.000000,15.400000,15.600000,14147660,0
2016-03-29,15.690000,15.990000,15.330000,15.970000,17020241,0
2016-03-30,16.160000,16.720000,16.010000,16.360000,19380801,0
2016-03-31,16.400000,16.840000,16.210000,16.550000,18894750,0
2016-04-01,16.410000,16.430000,15.830000,15.980000,21009374,0
2016-04-04,16.000000,17.540000,15.960000,17.090000,38258825,0
2016-04-05,17.590000,17.830000,16.890000,17.050000,41742152,0
2016-04-06,17.120000,17.480000,16.900000,17.260000,23135699,0
2016-04-07,16.880000,17.590000,16.850000,16.980000,23324178,0
2016-04-08,17.120000,17.250000,16.410000,16.650000,18683980,0
2016-04-11,16.740000,16.980000,16.410000,16.510000,14205441,0
2016-04-12,16.500000,16.770000,16.150000,16.570000,14938560,0
2016-04-13,16.680000,17.400000,16.680000,17.370000,22648330,0
2016-04-14,17.380000,17.700000,17.140000,17.530000,16225545,0
2016-04-15,17.520000,17.910000,17.310000,17.580000,16350377,0
2016-04-18,17.710000,17.720000,17.060000,17.310000,17313345,0
2016-04-19,17.370000,17.390000,16.680000,16.920000,24789782,0
2016-04-20,16.940000,17.520000,16.900000,17.400000,17774998,0
2016-04-21,17.480000,17.770000,17.420000,17.510000,13616654,0
2016-04-22,17.330000,17.510000,17.020000,17.230000,14878005,0
2016-04-25,17.200000,17.750000,16.880000,17.090000,18992691,0
2016-04-26,17.210000,17.980000,17.080000,17.750000,44649366,0
2016-04-27,15.150000,15.280000,14.810000,14.860000,84880275,0
2016-04-28,14.850000,15.090000,14.620000,14.640000,34792431,0
